#! FIELDS time zeta a1 a2 a3 a4 a5 a6 a7 phi1 phi2 phi3 phi4 phi5 phi6 phi7 pb.bias
#! SET min_phi1 -pi
#! SET max_phi1 pi
#! SET min_phi2 -pi
#! SET max_phi2 pi
#! SET min_phi3 -pi
#! SET max_phi3 pi
#! SET min_phi4 -pi
#! SET max_phi4 pi
#! SET min_phi5 -pi
#! SET max_phi5 pi
#! SET min_phi6 -pi
#! SET max_phi6 pi
#! SET min_phi7 -pi
#! SET max_phi7 pi
 0.000000 121.521090 1.000000 1.000000 1.000000 1.000001 1.000001 0.000000 0.000715 2.948860 2.975738 2.836086 -2.981791 -3.004932 1.203555 0.410430 0.000000
 0.001000 121.507662 1.000000 1.000000 1.000000 1.000001 1.000001 0.000000 0.000696 2.948675 2.975742 2.836035 -2.982283 -3.005145 1.203245 0.412017 0.000000
 0.002000 121.481914 1.000000 1.000000 1.000000 1.000001 1.000001 0.000000 0.000661 2.948300 2.975775 2.835952 -2.983257 -3.005600 1.202655 0.415187 0.000000
 0.003000 121.445737 1.000000 1.000000 1.000000 1.000001 1.000001 0.000000 0.000611 2.947738 2.975885 2.835873 -2.984718 -3.006338 1.201823 0.419953 0.000000
 0.004000 121.401810 1.000000 1.000000 1.000000 1.000001 1.000001 0.000000 0.000551 2.946993 2.976147 2.835825 -2.986655 -3.007406 1.200834 0.426313 0.000000
 0.005000 121.352889 1.000000 1.000000 1.000000 1.000001 1.000001 0.000000 0.000484 2.946066 2.976635 2.835847 -2.989052 -3.008844 1.199717 0.434311 0.000000
 0.006000 121.302139 1.000000 1.000000 1.000000 1.000001 1.000001 0.000000 0.000414 2.944997 2.977445 2.835958 -2.991902 -3.010685 1.198554 0.443933 0.000000
 0.007000 121.252275 1.000000 1.000000 1.000000 1.000001 1.000001 0.000000 0.000346 2.943823 2.978646 2.836172 -2.995176 -3.012922 1.197343 0.455189 0.000000
 0.008000 121.205596 1.000000 1.000000 1.000000 1.000001 1.000001 0.000000 0.000282 2.942628 2.980316 2.836476 -2.998858 -3.015530 1.196098 0.468062 0.000000
 0.009000 121.163691 1.000000 1.000000 1.000000 1.000001 1.000001 0.000000 0.000224 2.941497 2.982499 2.836834 -3.002919 -3.018447 1.194791 0.482534 0.000000
 0.010000 121.127480 1.000000 1.000000 1.000000 1.000001 1.000000 0.000000 0.000175 2.940516 2.985209 2.837231 -3.007302 -3.021601 1.193364 0.498569 0.000000
 0.011000 121.097265 1.000000 1.000000 1.000000 1.000001 1.000000 0.000000 0.000133 2.939792 2.988461 2.837634 -3.011978 -3.024916 1.191788 0.516112 0.000000
 0.012000 121.072869 1.000000 1.000000 1.000000 1.000001 1.000000 0.000000 0.000100 2.939411 2.992220 2.838052 -3.016882 -3.028336 1.190003 0.535066 0.000000
 0.013000 121.053714 1.000000 1.000000 1.000000 1.000000 1.000000 0.000000 0.000074 2.939430 2.996455 2.838514 -3.021961 -3.031804 1.187986 0.555342 0.000000
 0.014000 121.039053 1.000000 1.000000 1.000000 1.000000 1.000000 0.000000 0.000053 2.939902 3.001105 2.839068 -3.027131 -3.035295 1.185735 0.576824 0.000000
 0.015000 121.028080 1.000000 1.000000 1.000000 1.000000 1.000000 0.000000 0.000038 2.940826 3.006090 2.839791 -3.032287 -3.038787 1.183265 0.599376 0.000000
 0.016000 121.020020 1.000000 1.000000 1.000000 1.000000 1.000000 0.000000 0.000027 2.942192 3.011331 2.840783 -3.037335 -3.042297 1.180636 0.622863 0.000000
 0.017000 121.014193 1.000000 1.000000 1.000000 1.000000 1.000000 0.000000 0.000019 2.943963 3.016737 2.842143 -3.042152 -3.045831 1.177915 0.647128 0.000000
 0.018000 121.010030 1.000000 1.000000 1.000000 1.000000 1.000000 0.000000 0.000014 2.946097 3.022203 2.843954 -3.046624 -3.049398 1.175179 0.672031 0.000000
 0.019000 121.007085 1.000000 1.000000 1.000000 1.000000 1.000000 0.000000 0.000010 2.948531 3.027636 2.846287 -3.050637 -3.052995 1.172497 0.697418 0.000000
 0.020000 121.005014 1.000000 1.000000 1.000000 1.000000 1.000000 0.000000 0.000007 2.951212 3.032936 2.849164 -3.054078 -3.056585 1.169927 0.723165 0.000000
 0.021000 121.003562 1.000000 1.000000 1.000000 1.000000 1.000000 0.000000 0.000005 2.954072 3.038015 2.852576 -3.056849 -3.060109 1.167502 0.749168 0.000000
 0.022000 121.002545 1.000000 1.000000 1.000000 1.000000 1.000000 0.000000 0.000003 2.957057 3.042801 2.856490 -3.058867 -3.063517 1.165228 0.775346 0.000000
 0.023000 121.001832 1.000000 1.000000 1.000000 1.000000 1.000000 0.000000 0.000002 2.960116 3.047232 2.860833 -3.060067 -3.066729 1.163090 0.801644 0.000000
 0.024000 121.001331 1.000000 1.000000 1.000000 1.000000 1.000000 0.000000 0.000002 2.963203 3.051266 2.865536 -3.060411 -3.069703 1.161046 0.828066 0.000000
 0.025000 121.000977 1.000000 1.000000 1.000000 1.000000 1.000000 0.000000 0.000001 2.966271 3.054869 2.870481 -3.059883 -3.072390 1.159061 0.854617 0.000000
 0.026000 121.000727 1.000000 1.000000 1.000000 1.000000 1.000000 0.000000 0.000001 2.969282 3.058040 2.875580 -3.058509 -3.074765 1.157087 0.881336 0.000000
 0.027000 121.000550 1.000000 1.000000 1.000000 1.000000 1.000000 0.000000 0.000001 2.972195 3.060806 2.880771 -3.056338 -3.076873 1.155090 0.908245 0.000000
 0.028000 121.000425 1.000000 1.000000 1.000000 1.000000 1.000000 0.000000 0.000000 2.974956 3.063189 2.885987 -3.053449 -3.078748 1.153026 0.935372 0.000000
 0.029000 121.000337 1.000000 1.000000 1.000000 1.000000 1.000000 0.000000 0.000000 2.977536 3.065257 2.891182 -3.049958 -3.080454 1.150849 0.962728 0.000000
 0.030000 121.000277 1.000000 1.000000 1.000000 1.000000 1.000000 0.000000 0.000000 2.979893 3.067081 2.896318 -3.046010 -3.082061 1.148536 0.990260 0.000000
 0.031000 121.000238 1.000000 1.000000 1.000000 1.000000 1.000000 0.000000 0.000000 2.981998 3.068755 2.901358 -3.041790 -3.083624 1.146042 1.017892 0.000000
 0.032000 121.000215 1.000000 1.000000 1.000000 1.000000 1.000000 0.000000 0.000000 2.983826 3.070348 2.906252 -3.037464 -3.085190 1.143342 1.045506 0.000000
 0.033000 121.000206 1.000000 1.000000 1.000000 1.000000 1.000000 0.000000 0.000000 2.985370 3.071959 2.910965 -3.033228 -3.086794 1.140408 1.072954 0.000000
 0.034000 121.000210 1.000000 1.000000 1.000000 1.000000 1.000000 0.000000 0.000000 2.986639 3.073644 2.915425 -3.029274 -3.088463 1.137260 1.100047 0.000000
 0.035000 121.000227 1.000000 1.000000 1.000000 1.000000 1.000000 0.000000 0.000000 2.987665 3.075442 2.919546 -3.025778 -3.090210 1.133927 1.126627 0.000000
 0.036000 121.000257 1.000000 1.000000 1.000000 1.000000 1.000000 0.000000 0.000000 2.988494 3.077408 2.923276 -3.022911 -3.092048 1.130445 1.152570 0.000000
 0.037000 121.000303 1.000000 1.000000 1.000000 1.000000 1.000000 0.000000 0.000000 2.989188 3.079575 2.926560 -3.020815 -3.093998 1.126883 1.177789 0.000000
 0.038000 121.000368 1.000000 1.000000 1.000000 1.000001 1.000000 0.000000 0.000000 2.989821 3.081959 2.929357 -3.019611 -3.096099 1.123346 1.202260 0.000000
 0.039000 121.000458 1.000000 1.000000 1.000000 1.000001 1.000000 0.000000 0.000001 2.990463 3.084592 2.931680 -3.019394 -3.098398 1.119926 1.225961 0.000000
 0.040000 121.000578 1.000000 1.000000 1.000000 1.000000 1.000000 0.000000 0.000001 2.991169 3.087509 2.933577 -3.020236 -3.100951 1.116748 1.248890 0.000000
 0.041000 121.000736 1.000000 1.000000 1.000000 1.000000 1.000000 0.000000 0.000001 2.992001 3.090761 2.935144 -3.022165 -3.103812 1.113925 1.271029 0.000000
 0.042000 121.000940 1.000000 1.000000 1.000000 1.000000 1.000000 0.000000 0.000001 2.993017 3.094393 2.936496 -3.025183 -3.107046 1.111583 1.292339 0.000000
 0.043000 121.001200 1.000000 1.000000 1.000000 1.000000 1.000000 0.000000 0.000002 2.994252 3.098441 2.937760 -3.029248 -3.110677 1.109810 1.312727 0.000000
 0.044000 121.001525 1.000000 1.000000 1.000000 1.000000 1.000000 0.000000 0.000002 2.995745 3.102940 2.939069 -3.034303 -3.114733 1.108682 1.332114 0.000000
 0.045000 121.001924 1.000000 1.000000 1.000000 1.000000 1.000000 0.000000 0.000003 2.997518 3.107912 2.940549 -3.040248 -3.119183 1.108232 1.350388 0.000000
 0.046000 121.002400 1.000000 1.000000 1.000000 1.000000 1.000000 0.000000 0.000003 2.999605 3.113377 2.942301 -3.046954 -3.124006 1.108454 1.367429 0.000000
 0.047000 121.002953 1.000000 1.000000 1.000000 1.000000 1.000000 0.000000 0.000004 3.002012 3.119311 2.944380 -3.054277 -3.129112 1.109312 1.383139 0.000000
 0.048000 121.003575 1.000000 1.000000 1.000000 1.000000 1.000000 0.000000 0.000005 3.004734 3.125711 2.946843 -3.062046 -3.134427 1.110730 1.397432 0.000000
 0.049000 121.004254 1.000000 1.000000 1.000000 1.000000 1.000000 0.000000 0.000006 3.007750 3.132546 2.949690 -3.070089 -3.139835 1.112609 1.410248 0.000000
 0.050000 121.004957 1.000000 1.000000 1.000000 1.000000 1.000000 0.000000 0.000007 3.011033 3.139784 2.952921 -3.078212 3.137951 1.114816 1.421551 0.000000
 0.051000 121.005675 1.000000 1.000000 1.000000 1.000000 1.000000 0.000000 0.000008 3.014531 -3.135801 2.956521 -3.086226 3.132673 1.117212 1.431317 0.000000
 0.052000 121.006364 1.000000 1.000000 1.000000 1.000000 1.000000 0.000000 0.000009 3.018206 -3.127875 2.960466 -3.093960 3.127610 1.119643 1.439536 0.000000
 0.053000 121.006987 1.000000 1.000000 1.000000 1.000000 1.000000 0.000000 0.000010 3.021990 -3.119664 2.964758 -3.101238 3.122845 1.121948 1.446199 0.000000
 0.054000 121.007508 1.000000 1.000000 1.000000 1.000000 1.000000 0.000000 0.000010 3.025801 -3.111215 2.969414 -3.107912 3.118460 1.123973 1.451313 0.000000
 0.055000 121.007893 1.000000 1.000000 1.000000 1.000000 1.000000 0.000000 0.000011 3.029584 -3.102586 2.974430 -3.113873 3.114511 1.125576 1.454851 0.000000
 0.056000 121.008114 1.000000 1.000000 1.000000 1.000000 1.000000 0.000000 0.000011 3.033275 -3.093821 2.979821 -3.119049 3.111054 1.126619 1.456799 0.000000
 0.057000 121.008159 1.000000 1.000000 1.000000 1.000000 1.000000 0.000000 0.000011 3.036810 -3.084999 2.985609 -3.123394 3.108115 1.126966 1.457192 0.000000
 0.058000 121.008025 1.000000 1.000000 1.000000 1.000000 1.000000 0.000000 0.000011 3.040128 -3.076196 2.991799 -3.126910 3.105701 1.126555 1.456029 0.000000
 0.059000 121.007731 1.000000 1.000000 1.000000 1.000000 1.000000 0.000000 0.000011 3.043175 -3.067493 2.998384 -3.129623 3.103802 1.125318 1.453385 0.000000
 0.060000 121.007307 1.000000 1.000000 1.000000 1.000000 1.000000 0.000000 0.000010 3.045936 -3.059017 3.005294 -3.131594 3.102385 1.123253 1.449390 0.000000
 0.061000 121.006793 1.000000 1.000000 1.000000 1.000000 1.000000 0.000000 0.000009 3.048378 -3.050857 3.012478 -3.132900 3.101378 1.120382 1.444204 0.000000
 0.062000 121.006227 1.000000 1.000000 1.000000 1.000000 1.000000 0.000000 0.000008 3.050500 -3.043135 3.019822 -3.133640 3.100696 1.116808 1.438004 0.000000
 0.063000 121.005646 1.000000 1.000000 1.000000 1.000000 1.000000 0.000000 0.000008 3.052304 -3.035940 3.027208 -3.133930 3.100220 1.112688 1.430981 0.000000
 0.064000 121.005074 1.000000 1.000000 1.000000 1.000000 1.000000 0.000000 0.000007 3.053815 -3.029353 3.034513 -3.133887 3.099792 1.108231 1.423289 0.000000
 0.065000 121.004529 1.000000 1.000000 1.000000 1.000000 1.000000 0.000000 0.000006 3.055070 -3.023431 3.041613 -3.133626 3.099264 1.103661 1.415052 0.000000
 0.066000 121.004016 1.000000 1.000001 1.000000 1.000000 1.000000 0.000000 0.000005 3.056106 -3.018202 3.048380 -3.133277 3.098477 1.099276 1.406295 0.000000
 0.067000 121.003540 1.000000 1.000001 1.000000 1.000000 1.000000 0.000000 0.000005 3.056948 -3.013674 3.054738 -3.132945 3.097278 1.095344 1.397020 0.000000
 0.068000 121.003097 1.000000 1.000001 1.000000 1.000000 1.000000 0.000000 0.000004 3.057629 -3.009836 3.060632 -3.132723 3.095536 1.092125 1.387133 0.000000
 0.069000 121.002686 1.000000 1.000001 1.000000 1.000000 1.000000 0.000000 0.000004 3.058186 -3.006654 3.066033 -3.132703 3.093137 1.089891 1.376503 0.000000
 0.070000 121.002305 1.000000 1.000001 1.000000 1.000000 1.000000 0.000000 0.000003 3.058637 -3.004116 3.070948 -3.132923 3.090006 1.088804 1.364995 0.000000
 0.071000 121.001956 1.000000 1.000001 1.000000 1.000000 1.000000 0.000000 0.000003 3.058989 -3.002198 3.075414 -3.133428 3.086082 1.089034 1.352456 0.000000
 0.072000 121.001638 1.000000 1.000001 1.000000 1.000000 1.000000 0.000000 0.000002 3.059272 -3.000880 3.079477 -3.134222 3.081341 1.090645 1.338765 0.000000
 0.073000 121.001353 1.000000 1.000001 1.000000 1.000000 1.000000 0.000000 0.000002 3.059495 -3.000148 3.083195 -3.135294 3.075800 1.093663 1.323832 0.000000
 0.074000 121.001105 1.000000 1.000001 1.000000 1.000000 1.000000 0.000000 0.000001 3.059682 -2.999982 3.086634 -3.136619 3.069477 1.098046 1.307616 0.000000
 0.075000 121.000892 1.000000 1.000001 1.000000 1.000000 1.000000 0.000000 0.000001 3.059865 -3.000360 3.089844 -3.138154 3.062442 1.103693 1.290144 0.000000
 0.076000 121.000716 1.000000 1.000001 1.000000 1.000000 1.000000 0.000000 0.000001 3.060080 -3.001236 3.092891 -3.139848 3.054776 1.110438 1.271494 0.000000
 0.077000 121.000569 1.000000 1.000001 1.000000 1.000000 1.000000 0.000000 0.000001 3.060403 -3.002535 3.095818 3.141545 3.046594 1.118071 1.251754 0.000000
 0.078000 121.000456 1.000000 1.000001 1.000000 1.000000 1.000000 0.000000 0.000001 3.060887 -3.004141 3.098672 3.139703 3.038033 1.126356 1.231067 0.000000
 0.079000 121.000369 1.000000 1.000001 1.000000 1.000000 1.000000 0.000000 0.000000 3.061613 -3.005919 3.101516 3.137859 3.029239 1.135006 1.209592 0.000000
 0.080000 121.000304 1.000000 1.000001 1.000000 1.000000 1.000000 0.000000 0.000000 3.062674 -3.007699 3.104379 3.136045 3.020380 1.143727 1.187489 0.000000
 0.081000 121.000258 1.000000 1.000001 1.000000 1.000000 1.000000 0.000000 0.000000 3.064132 -3.009315 3.107317 3.134292 3.011616 1.152212 1.164959 0.000000
 0.082000 121.000227 1.000000 1.000001 1.000000 1.000000 1.000000 0.000000 0.000000 3.066060 -3.010606 3.110372 3.132640 3.003117 1.160180 1.142177 0.000000
 0.083000 121.000208 1.000000 1.000001 1.000000 1.000000 1.000000 0.000000 0.000000 3.068509 -3.011415 3.113587 3.131081 2.995003 1.167407 1.119321 0.000000
 0.084000 121.000200 1.000000 1.000001 1.000000 1.000000 1.000000 0.000000 0.000000 3.071471 -3.011647 3.117002 3.129639 2.987408 1.173688 1.096607 0.000000
 0.085000 121.000200 1.000000 1.000001 1.000000 1.000000 1.000000 0.000000 0.000000 3.074935 -3.011232 3.120648 3.128316 2.980391 1.178879 1.074263 0.000000
 0.086000 121.000208 1.000000 1.000001 1.000000 1.000000 1.000000 0.000000 0.000000 3.078832 -3.010153 3.124548 3.127121 2.973997 1.182906 1.052498 0.000000
 0.087000 121.000223 1.000000 1.000001 1.000000 1.000000 1.000000 0.000000 0.000000 3.083087 -3.008410 3.128702 3.126031 2.968224 1.185762 1.031529 0.000000
 0.088000 121.000245 1.000000 1.000001 1.000000 1.000000 1.000000 0.000000 0.000000 3.087615 -3.006029 3.133116 3.125032 2.962998 1.187486 1.011530 0.000000
 0.089000 121.000272 1.000000 1.000001 1.000000 1.000000 1.000000 0.000000 0.000000 3.092294 -3.003064 3.137771 3.124101 2.958252 1.188194 0.992602 0.000000
 0.090000 121.000307 1.000000 1.000001 1.000000 1.000000 1.000000 0.000000 0.000000 3.097030 -2.999562 -3.140553 3.123207 2.953886 1.188036 0.974814 0.000000
 0.091000 121.000348 1.000000 1.000001 1.000000 1.000000 1.000000 0.000000 0.000000 3.101736 -2.995565 -3.135543 3.122275 2.949776 1.187220 0.958148 0.000000
 0.092000 121.000396 1.000000 1.000001 1.000000 1.000000 1.000000 0.000000 0.000000 3.106336 -2.991133 -3.130436 3.121255 2.945797 1.185975 0.942521 0.000000
 0.093000 121.000451 1.000000 1.000001 1.000000 1.000000 1.000000 0.000000 0.000001 3.110767 -2.986295 -3.125287 3.120079 2.941821 1.184526 0.927815 0.000000
 0.094000 121.000514 1.000000 1.000001 1.000000 1.000000 1.000000 0.000000 0.000001 3.114984 -2.981118 -3.120166 3.118699 2.937724 1.183124 0.913873 0.000000
 0.095000 121.000587 1.000000 1.000001 1.000000 1.000000 1.000000 0.000000 0.000001 3.118946 -2.975646 -3.115134 3.117080 2.933410 1.181934 0.900574 0.000000
 0.096000 121.000670 1.000000 1.000001 1.000000 1.000000 1.000000 0.000000 0.000001 3.122613 -2.969947 -3.110242 3.115188 2.928785 1.181140 0.887774 0.000000
 0.097000 121.000766 1.000000 1.000001 1.000000 1.000000 1.000000 0.000000 0.000001 3.125939 -2.964109 -3.105539 3.113040 2.923768 1.180858 0.875355 0.000000
 0.098000 121.000877 1.000000 1.000001 1.000000 1.000000 1.000000 0.000000 0.000001 3.128895 -2.958218 -3.101060 3.110656 2.918309 1.181160 0.863264 0.000000
 0.099000 121.001004 1.000000 1.000001 1.000000 1.000000 1.000000 0.000000 0.000001 3.131418 -2.952398 -3.096832 3.108101 2.912387 1.182066 0.851459 0.000000
 0.100000 121.001149 1.000000 1.000001 1.000000 1.000000 1.000000 0.000000 0.000001 3.133476 -2.946796 -3.092884 3.105452 2.906017 1.183570 0.839936 0.000000
 0.101000 121.001313 1.000000 1.000001 1.000000 1.000000 1.000000 0.000000 0.000002 3.135039 -2.941544 -3.089234 3.102801 2.899249 1.185584 0.828731 0.000000
 0.102000 121.001498 1.000000 1.000001 1.000000 1.000000 1.000000 0.000000 0.000002 3.136096 -2.936789 -3.085901 3.100245 2.892162 1.188022 0.817892 0.000000
 0.103000 121.001703 1.000000 1.000001 1.000000 1.000000 1.000000 0.000000 0.000002 3.136648 -2.932663 -3.082889 3.097874 2.884877 1.190771 0.807461 0.000000
 0.104000 121.001926 1.000000 1.000002 1.000000 1.000000 1.000000 0.000000 0.000003 3.136730 -2.929264 -3.080179 3.095768 2.877544 1.193650 0.797538 0.000000
 0.105000 121.002166 1.000000 1.000002 1.000000 1.000000 1.000000 0.000000 0.000003 3.136391 -2.926690 -3.077770 3.093994 2.870333 1.196491 0.788201 0.000000
 0.106000 121.002417 1.000000 1.000002 1.000000 1.000000 1.000000 0.000000 0.000003 3.135714 -2.925000 -3.075636 3.092604 2.863422 1.199115 0.779531 0.000000
 0.107000 121.002673 1.000000 1.000002 1.000000 1.000000 1.000000 0.000000 0.000004 3.134809 -2.924211 -3.073748 3.091623 2.856973 1.201350 0.771629 0.000000
 0.108000 121.002925 1.000000 1.000002 1.000000 1.000000 1.000000 0.000000 0.000004 3.133794 -2.924349 -3.072061 3.091104 2.851141 1.203015 0.764586 0.000000
 0.109000 121.003163 1.000000 1.000002 1.000000 1.000000 1.000000 0.000000 0.000004 3.132795 -2.925396 -3.070548 3.091066 2.846026 1.203987 0.758496 0.000000
 0.110000 121.003375 1.000000 1.000002 1.000000 1.000000 1.000000 0.000000 0.000004 3.131936 -2.927337 -3.069163 3.091524 2.841680 1.204180 0.753457 0.000000
 0.111000 121.003549 1.000000 1.000002 1.000000 1.000000 1.000000 0.000000 0.000005 3.131307 -2.930132 -3.067851 3.092518 2.838113 1.203552 0.749545 0.000000
 0.112000 121.003675 1.000000 1.000001 1.000000 1.000000 1.000000 0.000000 0.000005 3.130985 -2.933739 -3.066568 3.094078 2.835294 1.202114 0.746812 0.000000
 0.113000 121.003748 1.000000 1.000001 1.000000 1.000000 1.000000 0.000000 0.000005 3.131023 -2.938095 -3.065282 3.096219 2.833141 1.199937 0.745263 0.000000
 0.114000 121.003762 1.000000 1.000001 1.000000 1.000000 1.000000 0.000000 0.000005 3.131442 -2.943100 -3.063950 3.098965 2.831557 1.197119 0.744901 0.000000
 0.115000 121.003721 1.000000 1.000001 1.000000 1.000000 1.000000 0.000000 0.000005 3.132250 -2.948635 -3.062561 3.102287 2.830413 1.193802 0.745668 0.000000
 0.116000 121.003630 1.000000 1.000001 1.000000 1.000000 1.000000 0.000000 0.000005 3.133436 -2.954556 -3.061100 3.106161 2.829599 1.190138 0.747494 0.000000
 0.117000 121.003497 1.000000 1.000001 1.000000 1.000000 1.000000 0.000000 0.000005 3.134976 -2.960694 -3.059560 3.110534 2.828994 1.186299 0.750282 0.000000
 0.118000 121.003333 1.000000 1.000001 1.000000 1.000000 1.000000 0.000000 0.000004 3.136872 -2.966868 -3.057971 3.115322 2.828507 1.182448 0.753917 0.000000
 0.119000 121.003147 1.000000 1.000001 1.000000 1.000000 1.000000 0.000000 0.000004 3.139113 -2.972880 -3.056350 3.120423 2.828059 1.178759 0.758270 0.000000
 0.120000 121.002949 1.000000 1.000001 1.000000 1.000000 1.000000 0.000000 0.000004 -3.141489 -2.978560 -3.054728 3.125733 2.827592 1.175357 0.763248 0.000000
 0.121000 121.002744 1.000000 1.000001 1.000000 1.000000 1.000000 0.000000 0.000004 -3.138556 -2.983755 -3.053154 3.131145 2.827067 1.172337 0.768782 0.000000
 0.122000 121.002539 1.000000 1.000001 1.000000 1.000000 1.000000 0.000000 0.000003 -3.135282 -2.988346 -3.051646 3.136575 2.826473 1.169759 0.774798 0.000000
 0.123000 121.002340 1.000000 1.000001 1.000000 1.000000 1.000000 0.000000 0.000003 -3.131671 -2.992264 -3.050236 -3.141241 2.825791 1.167652 0.781256 0.000000
 0.124000 121.002144 1.000000 1.000001 1.000000 1.000000 1.000000 0.000000 0.000003 -3.127743 -2.995483 -3.048948 -3.135991 2.825053 1.165977 0.788168 0.000000
 0.125000 121.001953 1.000000 1.000001 1.000000 1.000000 1.000000 0.000000 0.000003 -3.123513 -2.998015 -3.047788 -3.130897 2.824276 1.164658 0.795559 0.000000
 0.126000 121.001770 1.000000 1.000001 1.000000 1.000000 1.000000 0.000000 0.000002 -3.119051 -2.999920 -3.046762 -3.125978 2.823538 1.163572 0.803478 0.000000
 0.127000 121.001594 1.000000 1.000001 1.000000 1.000000 1.000000 0.000000 0.000002 -3.114413 -3.001270 -3.045854 -3.121247 2.822912 1.162562 0.811961 0.000000
 0.128000 121.001426 1.000000 1.000001 1.000000 1.000000 1.000000 0.000000 0.000002 -3.109661 -3.002145 -3.045056 -3.116727 2.822502 1.161465 0.821060 0.000000
 0.129000 121.001267 1.000000 1.000001 1.000000 1.000000 1.000000 0.000000 0.000002 -3.104860 -3.002645 -3.044374 -3.112450 2.822430 1.160094 0.830837 0.000000
 0.130000 121.001118 1.000000 1.000001 1.000000 1.000000 1.000000 0.000000 0.000001 -3.100062 -3.002847 -3.043814 -3.108455 2.822846 1.158249 0.841341 0.000000
 0.131000 121.000979 1.000000 1.000001 1.000000 1.000000 1.000000 0.000000 0.000001 -3.095288 -3.002830 -3.043411 -3.104799 2.823866 1.155781 0.852603 0.000000
 0.132000 121.000850 1.000000 1.000001 1.000000 1.000000 1.000000 0.000000 0.000001 -3.090555 -3.002662 -3.043197 -3.101546 2.825626 1.152518 0.864681 0.000000
 0.133000 121.000734 1.000000 1.000001 1.000000 1.000000 1.000000 0.000000 0.000001 -3.085853 -3.002408 -3.043227 -3.098764 2.828215 1.148387 0.877548 0.000000
 0.134000 121.000630 1.000000 1.000001 1.000000 1.000000 1.000000 0.000000 0.000001 -3.081174 -3.002107 -3.043519 -3.096516 2.831673 1.143316 0.891235 0.000000
 0.135000 121.000538 1.000000 1.000001 1.000000 1.000000 1.000000 0.000000 0.000001 -3.076500 -3.001824 -3.044120 -3.094834 2.836016 1.137291 0.905737 0.000000
 0.136000 121.000457 1.000000 1.000001 1.000000 1.000000 1.000000 0.000000 0.000001 -3.071838 -3.001614 -3.045014 -3.093719 2.841155 1.130360 0.921032 0.000000
 0.137000 121.000389 1.000000 1.000001 1.000000 1.000000 1.000000 0.000000 0.000000 -3.067179 -3.001541 -3.046207 -3.093140 2.847011 1.122610 0.937101 0.000000
 0.138000 121.000331 1.000000 1.000001 1.000000 1.000000 1.000000 0.000000 0.000000 -3.062576 -3.001680 -3.047654 -3.093006 2.853421 1.114184 0.953889 0.000000
 0.139000 121.000284 1.000000 1.000001 1.000000 1.000000 1.000000 0.000000 0.000000 -3.058074 -3.002099 -3.049322 -3.093206 2.860215 1.105250 0.971318 0.000000
 0.140000 121.000246 1.000000 1.000001 1.000000 1.000000 1.000000 0.000000 0.000000 -3.053743 -3.002877 -3.051142 -3.093569 2.867189 1.096006 0.989291 0.000000
 0.141000 121.000217 1.000000 1.000001 1.000000 1.000000 1.000000 0.000000 0.000000 -3.049652 -3.004049 -3.053069 -3.093949 2.874139 1.086669 1.007681 0.000000
 0.142000 121.000196 1.000000 1.000001 1.000000 1.000000 1.000000 0.000000 0.000000 -3.045867 -3.005646 -3.055054 -3.094180 2.880891 1.077433 1.026376 0.000000
 0.143000 121.000183 1.000000 1.000001 1.000000 1.000000 1.000000 0.000000 0.000000 -3.042430 -3.007647 -3.057058 -3.094145 2.887262 1.068517 1.045222 0.000000
 0.144000 121.000177 1.000000 1.000001 1.000000 1.000000 1.000000 0.000000 0.000000 -3.039379 -3.010013 -3.059057 -3.093758 2.893107 1.060113 1.064083 0.000000
 0.145000 121.000177 1.000000 1.000001 1.000000 1.000000 1.000000 0.000000 0.000000 -3.036700 -3.012663 -3.061054 -3.092977 2.898322 1.052416 1.082838 0.000000
 0.146000 121.000183 1.000000 1.000001 1.000000 1.000000 1.000000 0.000000 0.000000 -3.034373 -3.015504 -3.063042 -3.091783 2.902826 1.045568 1.101383 0.000000
 0.147000 121.000195 1.000000 1.000001 1.000000 1.000000 1.000000 0.000000 0.000000 -3.032332 -3.018459 -3.065040 -3.090178 2.906589 1.039679 1.119643 0.000000
 0.148000 121.000213 1.000000 1.000000 1.000000 1.000000 1.000000 0.000000 0.000000 -3.030527 -3.021450 -3.067071 -3.088186 2.909625 1.034831 1.137575 0.000000
 0.149000 121.000238 1.000000 1.000000 1.000000 1.000000 1.000000 0.000000 0.000000 -3.028874 -3.024420 -3.069139 -3.085824 2.911958 1.031084 1.155089 0.000000
 0.150000 121.000270 1.000000 1.000000 1.000000 1.000000 1.000000 0.000000 0.000000 -3.027321 -3.027345 -3.071235 -3.083092 2.913678 1.028411 1.172186 0.000000
 0.151000 121.000310 1.000000 1.000000 1.000000 1.000000 1.000000 0.000000 0.000000 -3.025801 -3.030215 -3.073322 -3.079982 2.914872 1.026750 1.188845 0.000000
 0.152000 121.000359 1.000000 1.000000 1.000000 1.000000 1.000000 0.000000 0.000000 -3.024268 -3.033072 -3.075381 -3.076489 2.915681 1.026019 1.205031 0.000000
 0.153000 121.000419 1.000000 1.000000 1.000000 1.000000 1.000000 0.000000 0.000000 -3.022697 -3.035928 -3.077353 -3.072613 2.916255 1.026041 1.220748 0.000000
 0.154000 121.000490 1.000000 1.000000 1.000000 1.000000 1.000000 0.000000 0.000001 -3.021058 -3.038833 -3.079186 -3.068330 2.916762 1.026609 1.235959 0.000000
 0.155000 121.000574 1.000001 1.000000 1.000000 1.000000 1.000000 0.000000 0.000001 -3.019315 -3.041821 -3.080840 -3.063650 2.917375 1.027504 1.250638 0.000000
 0.156000 121.000672 1.000001 1.000000 1.000000 1.000000 1.000000 0.000000 0.000001 -3.017440 -3.044915 -3.082293 -3.058605 2.918255 1.028482 1.264746 0.000000
 0.157000 121.000786 1.000001 1.000000 1.000000 1.000000 1.000000 0.000000 0.000001 -3.015406 -3.048129 -3.083532 -3.053239 2.919556 1.029297 1.278241 0.000000
 0.158000 121.000915 1.000001 1.000000 1.000000 1.000000 1.000000 0.000000 0.000001 -3.013161 -3.051453 -3.084600 -3.047641 2.921420 1.029732 1.291087 0.000000
 0.159000 121.001060 1.000001 1.000000 1.000000 1.000000 1.000000 0.000000 0.000001 -3.010673 -3.054878 -3.085530 -3.041901 2.923946 1.029605 1.303233 0.000000
 0.160000 121.001220 1.000001 1.000000 1.000000 1.000000 1.000000 0.000000 0.000002 -3.007887 -3.058395 -3.086416 -3.036144 2.927201 1.028822 1.314637 0.000000
 0.161000 121.001394 1.000001 1.000000 1.000000 1.000000 1.000000 0.000000 0.000002 -3.004782 -3.061976 -3.087312 -3.030478 2.931203 1.027304 1.325266 0.000000
 0.162000 121.001580 1.000001 1.000000 1.000000 1.000000 1.000000 0.000000 0.000002 -3.001352 -3.065599 -3.088282 -3.025001 2.935930 1.025049 1.335086 0.000000
 0.163000 121.001773 1.000001 1.000000 1.000000 1.000001 1.000000 0.000000 0.000002 -2.997627 -3.069250 -3.089376 -3.019810 2.941294 1.022142 1.344065 0.000000
 0.164000 121.001971 1.000001 1.000000 1.000000 1.000001 1.000000 0.000000 0.000003 -2.993644 -3.072920 -3.090621 -3.014942 2.947194 1.018659 1.352204 0.000000
 0.165000 121.002167 1.000001 1.000000 1.000000 1.000001 1.000000 0.000000 0.000003 -2.989477 -3.076609 -3.092039 -3.010417 2.953478 1.014752 1.359446 0.000000
 0.166000 121.002355 1.000001 1.000000 1.000000 1.000001 1.000000 0.000000 0.000003 -2.985204 -3.080339 -3.093644 -3.006208 2.959970 1.010601 1.365757 0.000000
 0.167000 121.002529 1.000001 1.000000 1.000000 1.000001 1.000000 0.000000 0.000003 -2.980895 -3.084085 -3.095413 -3.002291 2.966478 1.006360 1.371111 0.000000
 0.168000 121.002680 1.000001 1.000000 1.000000 1.000001 1.000000 0.000000 0.000004 -2.976633 -3.087834 -3.097330 -2.998626 2.972804 1.002215 1.375446 0.000000
 0.169000 121.002801 1.000001 1.000000 1.000000 1.000001 1.000000 0.000000 0.000004 -2.972471 -3.091579 -3.099387 -2.995163 2.978778 0.998311 1.378738 0.000000
 0.170000 121.002887 1.000001 1.000000 1.000000 1.000001 1.000000 0.000000 0.000004 -2.968435 -3.095269 -3.101582 -2.991912 2.984242 0.994804 1.380950 0.000000
 0.171000 121.002932 1.000001 1.000000 1.000000 1.000001 1.000000 0.000000 0.000004 -2.964528 -3.098843 -3.103906 -2.988880 2.989064 0.991821 1.382070 0.000000
 0.172000 121.002935 1.000001 1.000000 1.000000 1.000001 1.000000 0.000000 0.000004 -2.960751 -3.102230 -3.106365 -2.986100 2.993141 0.989483 1.382078 0.000000
 0.173000 121.002896 1.000001 1.000000 1.000000 1.000001 1.000000 0.000000 0.000004 -2.957085 -3.105349 -3.108963 -2.983643 2.996441 0.987861 1.381018 0.000000
 0.174000 121.002817 1.000001 1.000000 1.000000 1.000001 1.000000 0.000000 0.000004 -2.953499 -3.108127 -3.111724 -2.981573 2.998969 0.987043 1.378896 0.000000
 0.175000 121.002703 1.000001 1.000000 1.000000 1.000001 1.000000 0.000000 0.000004 -2.949986 -3.110527 -3.114661 -2.979937 3.000766 0.987086 1.375736 0.000000
 0.176000 121.002559 1.000001 1.000000 1.000000 1.000001 1.000000 0.000000 0.000003 -2.946558 -3.112532 -3.117779 -2.978792 3.001928 0.987999 1.371576 0.000000
 0.177000 121.002394 1.000001 1.000000 1.000000 1.000001 1.000000 0.000000 0.000003 -2.943243 -3.114137 -3.121083 -2.978151 3.002593 0.989754 1.366463 0.000000
 0.178000 121.002212 1.000001 1.000000 1.000000 1.000001 1.000000 0.000000 0.000003 -2.940061 -3.115376 -3.124539 -2.978008 3.002886 0.992298 1.360432 0.000000
 0.179000 121.002023 1.000001 1.000000 1.000000 1.000001 1.000000 0.000000 0.000003 -2.937060 -3.116311 -3.128122 -2.978309 3.002991 0.995508 1.353533 0.000000
 0.180000 121.001831 1.000001 1.000000 1.000000 1.000001 1.000000 0.000000 0.000002 -2.934298 -3.116987 -3.131777 -2.979030 3.003057 0.999243 1.345799 0.000000
 0.181000 121.001642 1.000002 1.000000 1.000000 1.000001 1.000000 0.000000 0.000002 -2.931809 -3.117464 -3.135455 -2.980109 3.003243 1.003307 1.337298 0.000000
 0.182000 121.001461 1.000002 1.000000 1.000000 1.000001 1.000000 0.000000 0.000002 -2.929609 -3.117770 -3.139092 -2.981484 3.003683 1.007472 1.328100 0.000000
 0.183000 121.001291 1.000002 1.000000 1.000000 1.000001 1.000000 0.000000 0.000002 -2.927701 -3.117942 3.140530 -2.983127 3.004503 1.011544 1.318250 0.000000
 0.184000 121.001135 1.000002 1.000000 1.000000 1.000001 1.000000 0.000000 0.000001 -2.926066 -3.117979 3.137076 -2.984996 3.005790 1.015303 1.307844 0.000000
 0.185000 121.000994 1.000002 1.000000 1.000000 1.000001 1.000000 0.000000 0.000001 -2.924676 -3.117879 3.133746 -2.987083 3.007608 1.018602 1.296947 0.000000
 0.186000 121.000868 1.000002 1.000000 1.000000 1.000001 1.000000 0.000000 0.000001 -2.923477 -3.117631 3.130539 -2.989381 3.009990 1.021313 1.285625 0.000000
 0.187000 121.000757 1.000002 1.000000 1.000000 1.000001 1.000000 0.000000 0.000001 -2.922460 -3.117259 3.127472 -2.991862 3.012941 1.023400 1.273933 0.000000
 0.188000 121.000660 1.000002 1.000000 1.000000 1.000001 1.000000 0.000000 0.000001 -2.921586 -3.116773 3.124545 -2.994518 3.016426 1.024884 1.261899 0.000000
 0.189000 121.000576 1.000002 1.000000 1.000000 1.000001 1.000000 0.000000 0.000001 -2.920826 -3.116222 3.121776 -2.997279 3.020377 1.025832 1.249536 0.000000
 0.190000 121.000502 1.000002 1.000000 1.000000 1.000001 1.000000 0.000000 0.000001 -2.920192 -3.115689 3.119187 -3.000069 3.024708 1.026376 1.236787 0.000000
 0.191000 121.000438 1.000002 1.000000 1.000000 1.000001 1.000000 0.000000 0.000001 -2.919695 -3.115260 3.116834 -3.002788 3.029298 1.026681 1.223568 0.000000
 0.192000 121.000383 1.000002 1.000000 1.000000 1.000001 1.000000 0.000000 0.000000 -2.919354 -3.115054 3.114751 -3.005298 3.034026 1.026897 1.209785 0.000000
 0.193000 121.000336 1.000002 1.000000 1.000000 1.000001 1.000000 0.000000 0.000000 -2.919187 -3.115173 3.113004 -3.007487 3.038747 1.027212 1.195321 0.000000
 0.194000 121.000295 1.000002 1.000000 1.000000 1.000001 1.000000 0.000000 0.000000 -2.919185 -3.115715 3.111619 -3.009234 3.043340 1.027747 1.180076 0.000000
 0.195000 121.000261 1.000002 1.000000 1.000000 1.000001 1.000000 0.000000 0.000000 -2.919348 -3.116757 3.110614 -3.010463 3.047689 1.028648 1.163953 0.000000
 0.196000 121.000233 1.000002 1.000000 1.000000 1.000001 1.000000 0.000000 0.000000 -2.919640 -3.118334 3.110001 -3.011109 3.051683 1.030001 1.146878 0.000000
 0.197000 121.000211 1.000002 1.000000 1.000000 1.000001 1.000000 0.000000 0.000000 -2.920025 -3.120439 3.109751 -3.011179 3.055248 1.031890 1.128780 0.000000
 0.198000 121.000196 1.000002 1.000000 1.000000 1.000001 1.000000 0.000000 0.000000 -2.920441 -3.123052 3.109805 -3.010703 3.058353 1.034361 1.109627 0.000000
 0.199000 121.000187 1.000002 1.000000 1.000000 1.000001 1.000000 0.000000 0.000000 -2.920857 -3.126113 3.110090 -3.009754 3.060986 1.037446 1.089402 0.000000
 0.200000 121.000186 1.000002 1.000000 1.000000 1.000001 1.000000 0.000000 0.000000 -2.921242 -3.129551 3.110527 -3.008423 3.063182 1.041158 1.068070 0.000000
 0.201000 121.000193 1.000002 1.000000 1.000000 1.000001 1.000000 0.000000 0.000000 -2.921578 -3.133296 3.111011 -3.006812 3.065019 1.045507 1.045611 0.000000
 0.202000 121.000210 1.000002 1.000000 1.000000 1.000001 1.000000 0.000000 0.000000 -2.921871 -3.137266 3.111447 -3.005042 3.066594 1.050489 1.022033 0.000000
 0.203000 121.000241 1.000002 1.000000 1.000000 1.000001 1.000000 0.000000 0.000000 -2.922166 -3.141419 3.111762 -3.003211 3.068003 1.056082 0.997331 0.000000
 0.204000 121.000289 1.000002 1.000000 1.000000 1.000001 1.000000 0.000000 0.000000 -2.922501 3.137470 3.111889 -3.001382 3.069393 1.062216 0.971551 0.000000
 0.205000 121.000364 1.000002 1.000000 1.000000 1.000001 1.000000 0.000000 0.000000 -2.922935 3.133029 3.111776 -2.999617 3.070885 1.068822 0.944752 0.000000
 0.206000 121.000476 1.000002 1.000000 1.000000 1.000001 1.000000 0.000000 0.000001 -2.923534 3.128470 3.111411 -2.997963 3.072571 1.075815 0.917057 0.000000
 0.207000 121.000643 1.000002 1.000000 1.000000 1.000001 1.000000 0.000000 0.000001 -2.924324 3.123801 3.110761 -2.996444 3.074521 1.083079 0.888630 0.000000
 0.208000 121.000892 1.000002 1.000000 1.000000 1.000001 1.000000 0.000000 0.000001 -2.925332 3.119018 3.109815 -2.995092 3.076784 1.090478 0.859737 0.000000
 0.209000 121.001259 1.000002 1.000000 1.000000 1.000001 1.000000 0.000000 0.000002 -2.926541 3.114157 3.108560 -2.993938 3.079386 1.097877 0.830670 0.000000
 0.210000 121.001796 1.000002 1.000000 1.000000 1.000001 1.000000 0.000000 0.000002 -2.927931 3.109253 3.106964 -2.993049 3.082317 1.105155 0.801819 0.000000
 0.211000 121.002569 1.000002 1.000000 1.000000 1.000001 1.000000 0.000000 0.000003 -2.929469 3.104375 3.105034 -2.992481 3.085544 1.112187 0.773586 0.000000
 0.212000 121.003659 1.000002 1.000000 1.000000 1.000001 1.000000 0.000000 0.000005 -2.931114 3.099573 3.102756 -2.992313 3.089028 1.118886 0.746383 0.000000
 0.213000 121.005154 1.000001 1.000000 1.000000 1.000001 1.000000 0.000000 0.000007 -2.932834 3.094900 3.100140 -2.992610 3.092737 1.125186 0.720574 0.000000
 0.214000 121.007135 1.000001 1.000000 1.000000 1.000001 1.000000 0.000000 0.000010 -2.934612 3.090402 3.097211 -2.993434 3.096632 1.131039 0.696513 0.000000
 0.215000 121.009665 1.000001 1.000000 1.000000 1.000001 1.000000 0.000000 0.000013 -2.936442 3.086105 3.094023 -2.994831 3.100672 1.136445 0.674423 0.000000
 0.216000 121.012764 1.000001 1.000000 1.000000 1.000001 1.000000 0.000000 0.000017 -2.938331 3.082003 3.090653 -2.996799 3.104819 1.141407 0.654469 0.000000
 0.217000 121.016403 1.000001 1.000000 1.000000 1.000001 1.000000 0.000000 0.000022 -2.940311 3.078074 3.087191 -2.999307 3.109040 1.145962 0.636688 0.000000
 0.218000 121.020499 1.000001 1.000000 1.000000 1.000001 1.000000 0.000000 0.000028 -2.942382 3.074293 3.083733 -3.002305 3.113291 1.150138 0.621063 0.000000
 0.219000 121.024917 1.000001 1.000000 1.000000 1.000001 1.000000 0.000000 0.000034 -2.944580 3.070611 3.080394 -3.005692 3.117533 1.153964 0.607508 0.000000
 0.220000 121.029495 1.000001 1.000000 1.000000 1.000001 1.000000 0.000000 0.000040 -2.946888 3.067014 3.077257 -3.009380 3.121724 1.157469 0.595888 0.000000
 0.221000 121.034048 1.000001 1.000000 1.000000 1.000001 1.000000 0.000000 0.000047 -2.949286 3.063477 3.074398 -3.013250 3.125818 1.160685 0.586067 0.000000
 0.222000 121.038397 1.000001 1.000000 1.000000 1.000001 1.000000 0.000000 0.000053 -2.951744 3.060018 3.071877 -3.017221 3.129767 1.163625 0.577891 0.000000
 0.223000 121.042368 1.000001 1.000000 1.000000 1.000000 1.000000 0.000000 0.000058 -2.954208 3.056668 3.069699 -3.021213 3.133573 1.166297 0.571229 0.000000
 0.224000 121.045833 1.000001 1.000000 1.000000 1.000000 1.000000 0.000000 0.000063 -2.956626 3.053496 3.067870 -3.025168 3.137218 1.168711 0.565928 0.000000
 0.225000 121.048674 1.000001 1.000000 1.000000 1.000000 1.000000 0.000000 0.000067 -2.958960 3.050568 3.066371 -3.029052 3.140730 1.170872 0.561884 0.000000
 0.226000 121.050830 1.000001 1.000000 1.000000 1.000000 1.000000 0.000000 0.000070 -2.961176 3.047968 3.065157 -3.032850 -3.139029 1.172781 0.558991 0.000000
 0.227000 121.052227 1.000001 1.000000 1.000000 1.000000 1.000000 0.000000 0.000072 -2.963279 3.045757 3.064185 -3.036568 -3.135619 1.174436 0.557175 0.000000
 0.228000 121.052861 1.000001 1.000000 1.000000 1.000000 1.000000 0.000000 0.000072 -2.965289 3.043985 3.063417 -3.040197 -3.132123 1.175820 0.556368 0.000000
 0.229000 121.052733 1.000001 1.000000 1.000000 1.000000 1.000000 0.000000 0.000072 -2.967258 3.042674 3.062824 -3.043750 -3.128452 1.176920 0.556532 0.000000
 0.230000 121.051869 1.000001 1.000000 1.000000 1.000000 1.000000 0.000000 0.000071 -2.969265 3.041803 3.062406 -3.047187 -3.124508 1.177686 0.557638 0.000000
 0.231000 121.050333 1.000001 1.000000 1.000000 1.000000 1.000000 0.000000 0.000069 -2.971370 3.041325 3.062161 -3.050497 -3.120227 1.178098 0.559654 0.000000
 0.232000 121.048191 1.000001 1.000000 1.000000 1.000000 1.000000 0.000000 0.000066 -2.973668 3.041154 3.062103 -3.053615 -3.115560 1.178093 0.562576 0.000000
 0.233000 121.045560 1.000001 1.000000 1.000000 1.000000 1.000000 0.000000 0.000062 -2.976221 3.041201 3.062255 -3.056495 -3.110525 1.177671 0.566354 0.000000
 0.234000 121.042548 1.000001 1.000000 1.000000 1.000000 1.000000 0.000000 0.000058 -2.979060 3.041373 3.062619 -3.059098 -3.105160 1.176823 0.570969 0.000000
 0.235000 121.039296 1.000001 1.000000 1.000000 1.000000 1.000000 0.000000 0.000054 -2.982235 3.041569 3.063216 -3.061384 -3.099564 1.175586 0.576352 0.000000
 0.236000 121.035920 1.000001 1.000000 1.000000 1.000000 1.000000 0.000000 0.000049 -2.985734 3.041716 3.064011 -3.063360 -3.093838 1.174015 0.582455 0.000000
 0.237000 121.032547 1.000001 1.000000 1.000000 1.000000 1.000000 0.000000 0.000045 -2.989586 3.041735 3.065003 -3.065037 -3.088118 1.172230 0.589184 0.000000
 0.238000 121.029275 1.000001 1.000000 1.000000 1.000000 1.000000 0.000000 0.000040 -2.993801 3.041585 3.066146 -3.066488 -3.082528 1.170385 0.596446 0.000000
 0.239000 121.026173 1.000001 1.000000 1.000000 1.000000 1.000000 0.000000 0.000036 -2.998394 3.041235 3.067410 -3.067792 -3.077164 1.168636 0.604161 0.000000
 0.240000 121.023287 1.000001 1.000000 1.000000 1.000000 1.000000 0.000000 0.000032 -3.003392 3.040662 3.068741 -3.069072 -3.072107 1.167158 0.612252 0.000000
 0.241000 121.020628 1.000001 1.000000 1.000000 1.000000 1.000000 0.000000 0.000028 -3.008848 3.039847 3.070125 -3.070413 -3.067400 1.166092 0.620699 0.000000
 0.242000 121.018196 1.000001 1.000000 1.000000 1.000000 1.000000 0.000000 0.000025 -3.014801 3.038765 3.071514 -3.071911 -3.063063 1.165562 0.629487 0.000000
 0.243000 121.015980 1.000000 1.000000 1.000000 1.000000 1.000000 0.000000 0.000022 -3.021303 3.037386 3.072895 -3.073631 -3.059078 1.165660 0.638642 0.000000
 0.244000 121.013960 1.000000 1.000000 1.000000 1.000000 1.000000 0.000000 0.000019 -3.028404 3.035678 3.074269 -3.075591 -3.055434 1.166396 0.648234 0.000000
 0.245000 121.012117 1.000000 1.000000 1.000000 1.000000 1.000000 0.000000 0.000016 -3.036118 3.033596 3.075639 -3.077779 -3.052113 1.167764 0.658354 0.000000
 0.246000 121.010435 1.000000 1.000000 1.000000 1.000000 1.000000 0.000000 0.000014 -3.044414 3.031122 3.077002 -3.080158 -3.049095 1.169706 0.669124 0.000000
 0.247000 121.008901 1.000000 1.000000 1.000000 1.000000 1.000000 0.000000 0.000012 -3.053228 3.028228 3.078368 -3.082665 -3.046375 1.172116 0.680679 0.000000
 0.248000 121.007510 1.000000 1.000000 1.000000 1.000000 1.000000 0.000000 0.000010 -3.062482 3.024911 3.079742 -3.085225 -3.043944 1.174877 0.693148 0.000000
 0.249000 121.006256 1.000000 1.000000 1.000000 1.000000 1.000000 0.000000 0.000008 -3.072024 3.021200 3.081130 -3.087779 -3.041797 1.177852 0.706692 0.000000
 0.250000 121.005141 1.000000 1.000000 1.000000 1.000000 1.000000 0.000000 0.000007 -3.081682 3.017159 3.082510 -3.090271 -3.039907 1.180908 0.721443 0.000000
 0.251000 121.004161 1.000000 1.000000 1.000000 1.000000 1.000000 0.000000 0.000006 -3.091321 3.012866 3.083891 -3.092665 -3.038242 1.183913 0.737564 0.000000
 0.252000 121.003315 1.000000 1.000000 1.000000 1.000000 1.000000 0.000000 0.000004 -3.100760 3.008442 3.085254 -3.094964 -3.036768 1.186769 0.755196 0.000000
 0.253000 121.002598 1.000000 1.000000 1.000000 1.000000 1.000000 0.000000 0.000003 -3.109885 3.004021 3.086613 -3.097174 -3.035424 1.189366 0.774492 0.000000
 0.254000 121.002004 1.000000 1.000000 1.000000 1.000000 1.000000 0.000000 0.000003 -3.118611 2.999724 3.087974 -3.099339 -3.034146 1.191646 0.795596 0.000000
 0.255000 121.001524 1.000000 1.000000 1.000000 1.000000 1.000000 0.000000 0.000002 -3.126884 2.995655 3.089355 -3.101497 -3.032871 1.193569 0.818605 0.000000
 0.256000 121.001146 1.000000 1.000000 1.000000 1.000000 1.000000 0.000000 0.000001 -3.134673 2.991929 3.090799 -3.103693 -3.031560 1.195081 0.843625 0.000000
 0.257000 121.000856 1.000000 1.000000 1.000000 1.000000 1.000000 0.000000 0.000001 3.141207 2.988638 3.092369 -3.105967 -3.030183 1.196145 0.870697 0.000000
 0.258000 121.000642 1.000000 1.000000 1.000000 1.000000 1.000000 0.000000 0.000001 3.134375 2.985843 3.094126 -3.108336 -3.028732 1.196715 0.899787 0.000000
 0.259000 121.000488 1.000000 1.000000 1.000000 1.000000 1.000000 0.000000 0.000000 3.128018 2.983611 3.096142 -3.110841 -3.027248 1.196762 0.930819 0.000000
 0.260000 121.000381 1.000000 1.000000 1.000000 1.000000 1.000000 0.000000 0.000000 3.122166 2.981984 3.098456 -3.113486 -3.025761 1.196253 0.963624 0.000000
 0.261000 121.000311 1.000000 1.000000 1.000000 1.000000 1.000000 0.000000 0.000000 3.116844 2.981014 3.101121 -3.116291 -3.024339 1.195129 0.997974 0.000000
 0.262000 121.000270 1.000000 1.000000 1.000000 1.000000 1.000000 0.000000 0.000000 3.112087 2.980754 3.104146 -3.119284 -3.023035 1.193395 1.033513 0.000000
 0.263000 121.000253 1.000000 1.000000 1.000000 1.000000 1.000000 0.000000 0.000000 3.107930 2.981254 3.107526 -3.122494 -3.021892 1.191053 1.069839 0.000000
 0.264000 121.000258 1.000000 1.000000 1.000000 1.000000 1.000000 0.000000 0.000000 3.104393 2.982544 3.111211 -3.125968 -3.020924 1.188135 1.106534 0.000000
 0.265000 121.000288 1.000000 1.000000 1.000000 1.000000 1.000001 0.000000 0.000000 3.101473 2.984643 3.115151 -3.129745 -3.020121 1.184701 1.143163 0.000000
 0.266000 121.000349 1.000000 1.000000 1.000000 1.000000 1.000001 0.000000 0.000000 3.099123 2.987573 3.119279 -3.133892 -3.019482 1.180853 1.179312 0.000000
 0.267000 121.000453 1.000000 1.000000 1.000000 1.000000 1.000001 0.000000 0.000000 3.097251 2.991295 3.123522 -3.138446 -3.018951 1.176700 1.214615 0.000000
 0.268000 121.000615 1.000000 1.000000 1.000000 1.000000 1.000001 0.000000 0.000001 3.095732 2.995753 3.127822 3.139758 -3.018482 1.172351 1.248784 0.000000
 0.269000 121.000866 1.000000 1.000000 1.000000 1.000000 1.000001 0.000000 0.000001 3.094386 3.000859 3.132125 3.134345 -3.018007 1.167912 1.281603 0.000000
 0.270000 121.001239 1.000000 1.000000 1.000000 1.000000 1.000001 0.000000 0.000002 3.093055 3.006485 3.136370 3.128526 -3.017462 1.163483 1.312928 0.000000
 0.271000 121.001779 1.000000 1.000000 1.000000 1.000000 1.000001 0.000000 0.000002 3.091549 3.012480 3.140541 3.122357 -3.016815 1.159155 1.342633 0.000000
 0.272000 121.002542 1.000000 1.000000 1.000000 1.000000 1.000001 0.000000 0.000003 3.089698 3.018671 -3.138564 3.115909 -3.016027 1.154982 1.370674 0.000000
 0.273000 121.003595 1.000000 1.000000 1.000000 1.000000 1.000001 0.000000 0.000005 3.087368 3.024899 -3.134580 3.109284 -3.015060 1.151008 1.397016 0.000000
 0.274000 121.005013 1.000000 1.000000 1.000000 1.000000 1.000001 0.000000 0.000007 3.084479 3.030983 -3.130711 3.102580 -3.013892 1.147277 1.421646 0.000000
 0.275000 121.006877 1.000000 1.000000 1.000000 1.000000 1.000001 0.000000 0.000009 3.080978 3.036765 -3.126943 3.095898 -3.012504 1.143809 1.444576 0.000000
 0.276000 121.009271 1.000000 1.000000 1.000000 1.000000 1.000001 0.000000 0.000013 3.076884 3.042122 -3.123280 3.089310 -3.010895 1.140646 1.465837 0.000000
 0.277000 121.012266 1.000000 1.000000 1.000000 1.000000 1.000001 0.000000 0.000017 3.072245 3.046948 -3.119712 3.082889 -3.009082 1.137817 1.485456 0.000000
 0.278000 121.015919 1.000000 1.000000 1.000000 1.000000 1.000001 0.000000 0.000022 3.067145 3.051197 -3.116243 3.076661 -3.007076 1.135376 1.503480 0.000000
 0.279000 121.020254 1.000000 1.000000 1.000000 1.000000 1.000001 0.000000 0.000028 3.061654 3.054818 -3.112855 3.070651 -3.004939 1.133397 1.519926 0.000000
 0.280000 121.025242 1.000000 1.000000 1.000000 1.000000 1.000001 0.000000 0.000034 3.055857 3.057826 -3.109527 3.064856 -3.002739 1.131935 1.534800 0.000000
 0.281000 121.030794 1.000000 1.000000 1.000000 1.000000 1.000001 0.000000 0.000042 3.049799 3.060233 -3.106217 3.059273 -3.000599 1.131061 1.548102 0.000000
 0.282000 121.036735 1.000000 1.000000 1.000000 1.000000 1.000001 0.000000 0.000050 3.043514 3.062082 -3.102886 3.053888 -2.998640 1.130845 1.559807 0.000000
 0.283000 121.042803 1.000000 1.000000 1.000000 1.000000 1.000001 0.000000 0.000059 3.036996 3.063406 -3.099472 3.048710 -2.996999 1.131308 1.569874 0.000000
 0.284000 121.048658 1.000000 1.000000 1.000000 1.000000 1.000001 0.000000 0.000067 3.030256 3.064273 -3.095908 3.043739 -2.995830 1.132462 1.578267 0.000000
 0.285000 121.053943 1.000000 1.000000 1.000000 1.000000 1.000001 0.000000 0.000074 3.023271 3.064741 -3.092143 3.038997 -2.995245 1.134258 1.584983 0.000000
 0.286000 121.058278 1.000000 1.000000 1.000000 1.000000 1.000001 0.000000 0.000080 3.016047 3.064895 -3.088114 3.034505 -2.995377 1.136651 1.589997 0.000000
 0.287000 121.061371 1.000000 1.000000 1.000000 1.000000 1.000001 0.000000 0.000084 3.008614 3.064816 -3.083801 3.030283 -2.996281 1.139541 1.593342 0.000000
 0.288000 121.063039 1.000000 1.000000 1.000000 1.000000 1.000001 0.000000 0.000086 3.001039 3.064611 -3.079199 3.026363 -2.997977 1.142820 1.595073 0.000000
 0.289000 121.063240 1.000000 1.000000 1.000000 1.000000 1.000001 0.000000 0.000087 2.993399 3.064413 -3.074318 3.022724 -3.000448 1.146406 1.595279 0.000000
 0.290000 121.062034 1.000000 1.000000 1.000000 1.000000 1.000001 0.000000 0.000085 2.985818 3.064335 -3.069196 3.019375 -3.003615 1.150197 1.594036 0.000000
 0.291000 121.059612 1.000000 1.000000 1.000000 1.000000 1.000001 0.000000 0.000082 2.978404 3.064509 -3.063878 3.016281 -3.007373 1.154123 1.591461 0.000000
 0.292000 121.056182 1.000000 1.000000 1.000000 1.000000 1.000001 0.000000 0.000077 2.971283 3.065078 -3.058414 3.013398 -3.011572 1.158141 1.587621 0.000000
 0.293000 121.052015 1.000000 1.000000 1.000000 1.000000 1.000001 0.000000 0.000071 2.964545 3.066157 -3.052840 3.010685 -3.016048 1.162184 1.582612 0.000000
 0.294000 121.047352 1.000000 1.000000 1.000000 1.000000 1.000000 0.000000 0.000065 2.958246 3.067831 -3.047207 3.008074 -3.020620 1.166213 1.576485 0.000000
 0.295000 121.042421 1.000000 1.000000 1.000000 1.000000 1.000000 0.000000 0.000058 2.952432 3.070176 -3.041538 3.005521 -3.025102 1.170165 1.569278 0.000000
 0.296000 121.037424 1.000000 1.000000 1.000000 1.000000 1.000000 0.000000 0.000051 2.947105 3.073228 -3.035838 3.002977 -3.029320 1.173955 1.561021 0.000000
 0.297000 121.032523 1.000000 1.000000 1.000000 1.000000 1.000000 0.000000 0.000044 2.942253 3.077004 -3.030115 3.000407 -3.033099 1.177468 1.551716 0.000000
 0.298000 121.027848 1.000000 1.000000 1.000000 1.000000 1.000000 0.000000 0.000038 2.937837 3.081475 -3.024371 2.997794 -3.036290 1.180589 1.541359 0.000000
 0.299000 121.023495 1.000000 1.000000 1.000001 1.000000 1.000000 0.000000 0.000032 2.933829 3.086601 -3.018599 2.995114 -3.038776 1.183195 1.529930 0.000000
 0.300000 121.019527 1.000000 1.000000 1.000001 1.000000 1.000000 0.000000 0.000027 2.930199 3.092315 -3.012807 2.992378 -3.040448 1.185169 1.517387 0.000000
 0.301000 121.015984 1.000000 1.000000 1.000001 1.000000 1.000000 0.000000 0.000022 2.926930 3.098533 -3.007015 2.989585 -3.041235 1.186437 1.503680 0.000000
 0.302000 121.012874 1.000000 1.000000 1.000001 1.000000 1.000000 0.000000 0.000017 2.924022 3.105167 -3.001244 2.986738 -3.041112 1.186956 1.488717 0.000000
 0.303000 121.010195 1.000000 1.000000 1.000001 1.000000 1.000000 0.000000 0.000014 2.921488 3.112122 -2.995544 2.983826 -3.040109 1.186749 1.472391 0.000000
 0.304000 121.007926 1.000000 1.000000 1.000001 1.000000 1.000000 0.000000 0.000011 2.919342 3.119304 -2.989972 2.980846 -3.038272 1.185877 1.454547 0.000000
 0.305000 121.006044 1.000000 1.000000 1.000001 1.000000 1.000000 0.000000 0.000008 2.917599 3.126639 -2.984580 2.977768 -3.035731 1.184468 1.435026 0.000000
 0.306000 121.004516 1.000000 1.000000 1.000001 1.000000 1.000000 0.000000 0.000006 2.916274 3.134063 -2.979429 2.974558 -3.032644 1.182658 1.413666 0.000000
 0.307000 121.003307 1.000000 1.000000 1.000001 1.000000 1.000000 0.000000 0.000004 2.915368 3.141507 -2.974569 2.971177 -3.029214 1.180629 1.390312 0.000000
 0.308000 121.002377 1.000000 1.000000 1.000001 1.000000 1.000000 0.000000 0.000003 2.914852 -3.134254 -2.970056 2.967580 -3.025634 1.178530 1.364871 0.000000
 0.309000 121.001682 1.000000 1.000000 1.000001 1.000000 1.000000 0.000000 0.000002 2.914678 -3.126908 -2.965893 2.963751 -3.022150 1.176516 1.337287 0.000000
 0.310000 121.001181 1.000000 1.000000 1.000001 1.000000 1.000001 0.000000 0.000001 2.914783 -3.119714 -2.962104 2.959674 -3.018960 1.174686 1.307651 0.000000
 0.311000 121.000831 1.000000 1.000000 1.000001 1.000000 1.000001 0.000000 0.000001 2.915082 -3.112721 -2.958663 2.955345 -3.016261 1.173111 1.276169 0.000000
 0.312000 121.000594 1.000000 1.000000 1.000001 1.000000 1.000001 0.000000 0.000001 2.915500 -3.106012 -2.955565 2.950780 -3.014201 1.171837 1.243161 0.000000
 0.313000 121.000439 1.000000 1.000000 1.000001 1.000000 1.000001 0.000000 0.000000 2.915973 -3.099641 -2.952772 2.946014 -3.012892 1.170872 1.209044 0.000000
 0.314000 121.000341 1.000000 1.000000 1.000001 1.000000 1.000001 0.000000 0.000000 2.916444 -3.093676 -2.950259 2.941087 -3.012382 1.170218 1.174307 0.000000
 0.315000 121.000284 1.000000 1.000000 1.000001 1.000000 1.000001 0.000000 0.000000 2.916887 -3.088165 -2.948004 2.936039 -3.012676 1.169902 1.139427 0.000000
 0.316000 121.000255 1.000000 1.000000 1.000001 1.000000 1.000001 0.000000 0.000000 2.917313 -3.083156 -2.946006 2.930922 -3.013707 1.169954 1.104791 0.000000
 0.317000 121.000248 1.000000 1.000000 1.000001 1.000000 1.000001 0.000000 0.000000 2.917754 -3.078661 -2.944245 2.925783 -3.015397 1.170437 1.070719 0.000000
 0.318000 121.000261 1.000000 1.000000 1.000001 1.000000 1.000001 0.000000 0.000000 2.918276 -3.074661 -2.942722 2.920671 -3.017611 1.171444 1.037383 0.000000
 0.319000 121.000293 1.000000 1.000000 1.000001 1.000000 1.000000 0.000000 0.000000 2.918977 -3.071130 -2.941434 2.915613 -3.020218 1.173088 1.004871 0.000000
 0.320000 121.000350 1.000000 1.000000 1.000001 1.000000 1.000000 0.000000 0.000000 2.919883 -3.068029 -2.940340 2.910653 -3.023076 1.175447 0.973212 0.000000
 0.321000 121.000438 1.000000 1.000000 1.000001 1.000000 1.000000 0.000000 0.000000 2.921060 -3.065303 -2.939423 2.905808 -3.026054 1.178625 0.942358 0.000000
 0.322000 121.000567 1.000000 1.000000 1.000001 1.000000 1.000000 0.000000 0.000001 2.922497 -3.062895 -2.938614 2.901112 -3.029044 1.182658 0.912285 0.000000
 0.323000 121.000755 1.000000 1.000000 1.000001 1.000000 1.000000 0.000000 0.000001 2.924157 -3.060762 -2.937837 2.896578 -3.031965 1.187534 0.882983 0.000000
 0.324000 121.001022 1.000000 1.000000 1.000001 1.000000 1.000000 0.000000 0.000001 2.925983 -3.058845 -2.936992 2.892224 -3.034775 1.193186 0.854475 0.000000
 0.325000 121.001398 1.000000 1.000000 1.000001 1.000000 1.000000 0.000000 0.000002 2.927864 -3.057103 -2.935977 2.888052 -3.037434 1.199507 0.826812 0.000000
 0.326000 121.001919 1.000000 1.000000 1.000001 1.000000 1.000000 0.000000 0.000002 2.929687 -3.055512 -2.934691 2.884093 -3.039931 1.206309 0.800088 0.000000
 0.327000 121.002633 1.000000 1.000000 1.000001 1.000000 1.000000 0.000000 0.000003 2.931372 -3.054062 -2.933063 2.880365 -3.042294 1.213406 0.774397 0.000000
 0.328000 121.003597 1.000000 1.000000 1.000002 1.000000 1.000000 0.000000 0.000005 2.932826 -3.052777 -2.931044 2.876903 -3.044547 1.220622 0.749792 0.000000
 0.329000 121.004879 1.000000 1.000000 1.000002 1.000000 1.000000 0.000001 0.000006 2.934006 -3.051668 -2.928632 2.873744 -3.046742 1.227777 0.726330 0.000000
 0.330000 121.006558 1.000000 1.000000 1.000002 1.000000 1.000000 0.000001 0.000009 2.934892 -3.050767 -2.925870 2.870931 -3.048946 1.234735 0.704027 0.000000
 0.331000 121.008730 1.000000 1.000000 1.000002 1.000000 1.000000 0.000001 0.000012 2.935493 -3.050103 -2.922824 2.868506 -3.051242 1.241421 0.682850 0.000000
 0.332000 121.011499 1.000000 1.000000 1.000002 1.000000 1.000000 0.000001 0.000015 2.935818 -3.049691 -2.919573 2.866514 -3.053726 1.247754 0.662782 0.000000
 0.333000 121.014979 1.000000 1.000000 1.000002 1.000000 1.000000 0.000001 0.000020 2.935918 -3.049547 -2.916221 2.864999 -3.056502 1.253689 0.643801 0.000000
 0.334000 121.019289 1.000000 1.000000 1.000002 1.000000 1.000000 0.000001 0.000026 2.935839 -3.049642 -2.912859 2.863974 -3.059660 1.259201 0.625887 0.000000
 0.335000 121.024531 1.000000 1.000000 1.000002 1.000000 1.000000 0.000001 0.000033 2.935617 -3.049953 -2.909539 2.863484 -3.063280 1.264215 0.609065 0.000000
 0.336000 121.030770 1.000000 1.000000 1.000002 1.000000 1.000000 0.000001 0.000042 2.935283 -3.050431 -2.906297 2.863542 -3.067413 1.268644 0.593385 0.000000
 0.337000 121.037999 1.000000 1.000000 1.000002 1.000000 1.000000 0.000001 0.000052 2.934871 -3.051012 -2.903134 2.864132 -3.072089 1.272403 0.578932 0.000000
 0.338000 121.046077 1.000000 1.000000 1.000002 1.000000 1.000000 0.000001 0.000063 2.934393 -3.051636 -2.900023 2.865253 -3.077280 1.275330 0.565853 0.000000
 0.339000 121.054737 1.000000 1.000000 1.000002 1.000000 1.000000 0.000001 0.000075 2.933884 -3.052239 -2.896934 2.866865 -3.082893 1.277283 0.554261 0.000000
 0.340000 121.063490 1.000000 1.000000 1.000002 1.000000 1.000000 0.000001 0.000087 2.933352 -3.052779 -2.893841 2.868940 -3.088794 1.278070 0.544348 0.000000
 0.341000 121.071744 1.000000 1.000000 1.000003 1.000000 1.000000 0.000001 0.000098 2.932836 -3.053213 -2.890743 2.871420 -3.094782 1.277550 0.536227 0.000000
 0.342000 121.078825 1.000000 1.000000 1.000003 1.000000 1.000000 0.000001 0.000108 2.932377 -3.053514 -2.887650 2.874255 -3.100634 1.275588 0.530001 0.000000
 0.343000 121.084082 1.000000 1.000000 1.000003 1.000000 1.000000 0.000001 0.000115 2.932039 -3.053671 -2.884626 2.877385 -3.106091 1.272111 0.525741 0.000000
 0.344000 121.087076 1.000000 1.000000 1.000003 1.000000 1.000000 0.000001 0.000119 2.931912 -3.053671 -2.881750 2.880734 -3.110929 1.267136 0.523433 0.000000
 0.345000 121.087575 1.000000 1.000000 1.000003 1.000000 1.000000 0.000001 0.000120 2.932082 -3.053509 -2.879141 2.884240 -3.114938 1.260736 0.523045 0.000000
 0.346000 121.085684 1.000000 1.000000 1.000003 1.000000 1.000000 0.000001 0.000117 2.932675 -3.053189 -2.876939 2.887806 -3.117983 1.253083 0.524466 0.000000
 0.347000 121.081716 1.000000 1.000000 1.000003 1.000000 1.000000 0.000001 0.000112 2.933769 -3.052716 -2.875258 2.891360 -3.119999 1.244400 0.527568 0.000000
 0.348000 121.076153 1.000000 1.000000 1.000003 1.000000 1.000000 0.000001 0.000104 2.935455 -3.052114 -2.874217 2.894804 -3.120990 1.234984 0.532198 0.000000
 0.349000 121.069551 1.000000 1.000000 1.000003 1.000000 1.000000 0.000001 0.000095 2.937770 -3.051409 -2.873898 2.898032 -3.121057 1.225182 0.538178 0.000000
 0.350000 121.062389 1.000000 1.000000 1.000003 1.000000 1.000000 0.000000 0.000085 2.940756 -3.050624 -2.874348 2.900951 -3.120335 1.215299 0.545377 0.000000
 0.351000 121.055081 1.000000 1.000000 1.000003 1.000000 1.000000 0.000000 0.000075 2.944396 -3.049790 -2.875584 2.903452 -3.119013 1.205649 0.553674 0.000000
 0.352000 121.047932 1.000000 1.000000 1.000003 1.000000 1.000000 0.000000 0.000066 2.948662 -3.048927 -2.877572 2.905431 -3.117323 1.196520 0.562986 0.000000
 0.353000 121.041166 1.000000 1.000000 1.000003 1.000000 1.000000 0.000000 0.000056 2.953485 -3.048092 -2.880263 2.906820 -3.115479 1.188124 0.573244 0.000000
 0.354000 121.034924 1.000000 1.000000 1.000003 1.000000 1.000000 0.000000 0.000048 2.958798 -3.047345 -2.883579 2.907573 -3.113705 1.180626 0.584407 0.000000
 0.355000 121.029289 1.000000 1.000000 1.000003 1.000000 1.000000 0.000000 0.000040 2.964529 -3.046736 -2.887431 2.907679 -3.112210 1.174130 0.596445 0.000000
 0.356000 121.024305 1.000000 1.000000 1.000003 1.000000 1.000000 0.000000 0.000033 2.970643 -3.046326 -2.891766 2.907151 -3.111172 1.168723 0.609310 0.000000
 0.357000 121.019988 1.000000 1.000000 1.000002 1.000000 1.000000 0.000000 0.000027 2.977090 -3.046210 -2.896524 2.906051 -3.110753 1.164475 0.622916 0.000000
 0.358000 121.016304 1.000000 1.000000 1.000002 1.000000 1.000000 0.000000 0.000022 2.983845 -3.046453 -2.901650 2.904492 -3.111062 1.161358 0.637220 0.000000
 0.359000 121.013211 1.000000 1.000000 1.000002 1.000000 1.000000 0.000000 0.000018 2.990895 -3.047106 -2.907106 2.902561 -3.112201 1.159388 0.652136 0.000000
 0.360000 121.010647 1.000000 1.000000 1.000002 1.000000 1.000000 0.000000 0.000014 2.998223 -3.048214 -2.912840 2.900414 -3.114202 1.158504 0.667599 0.000000
 0.361000 121.008539 1.000000 1.000000 1.000002 1.000000 1.000000 0.000000 0.000012 3.005809 -3.049792 -2.918808 2.898182 -3.117051 1.158617 0.683581 0.000000
 0.362000 121.006817 1.000000 1.000000 1.000002 1.000000 1.000000 0.000000 0.000009 3.013599 -3.051858 -2.924942 2.896016 -3.120668 1.159588 0.700091 0.000000
 0.363000 121.005417 1.000000 1.000000 1.000002 1.000000 1.000000 0.000000 0.000007 3.021521 -3.054398 -2.931145 2.894067 -3.124909 1.161212 0.717162 0.000000
 0.364000 121.004280 1.000000 1.000000 1.000001 1.000000 1.000000 0.000000 0.000006 3.029482 -3.057390 -2.937308 2.892465 -3.129584 1.163246 0.734896 0.000000
 0.365000 121.003361 1.000000 1.000000 1.000001 1.000000 1.000000 0.000000 0.000004 3.037382 -3.060817 -2.943298 2.891339 -3.134449 1.165409 0.753373 0.000000
 0.366000 121.002621 1.000000 1.000000 1.000001 1.000000 1.000000 0.000000 0.000003 3.045118 -3.064657 -2.948986 2.890802 -3.139232 1.167363 0.772747 0.000000
 0.367000 121.002019 1.000000 1.000000 1.000001 1.000000 1.000000 0.000000 0.000003 3.052604 -3.068904 -2.954247 2.890953 3.139523 1.168818 0.793102 0.000000
 0.368000 121.001551 1.000000 1.000000 1.000001 1.000000 1.000000 0.000000 0.000002 3.059758 -3.073553 -2.958984 2.891865 3.135714 1.169518 0.814490 0.000000
 0.369000 121.001184 1.000000 1.000000 1.000001 1.000000 1.000000 0.000000 0.000002 3.066540 -3.078594 -2.963126 2.893611 3.132766 1.169201 0.836926 0.000000
 0.370000 121.000901 1.000000 1.000000 1.000001 1.000000 1.000000 0.000000 0.000001 3.072937 -3.084032 -2.966623 2.896264 3.130866 1.167684 0.860342 0.000000
 0.371000 121.000686 1.000000 1.000000 1.000001 1.000000 1.000000 0.000000 0.000001 3.078982 -3.089836 -2.969473 2.899857 3.130158 1.164799 0.884651 0.000000
 0.372000 121.000525 1.000000 1.000000 1.000001 1.000000 1.000000 0.000000 0.000001 3.084739 -3.095986 -2.971719 2.904443 3.130773 1.160405 0.909651 0.000000
 0.373000 121.000406 1.000000 1.000000 1.000001 1.000000 1.000000 0.000000 0.000000 3.090266 -3.102416 -2.973400 2.910032 3.132732 1.154432 0.935104 0.000000
 0.374000 121.000320 1.000000 1.000000 1.000001 1.000000 1.000000 0.000000 0.000000 3.095646 -3.109057 -2.974581 2.916616 3.136024 1.146832 0.960739 0.000000
 0.375000 121.000259 1.000000 1.000000 1.000001 1.000000 1.000000 0.000000 0.000000 3.100943 -3.115835 -2.975335 2.924169 3.140571 1.137606 0.986226 0.000000
 0.376000 121.000228 1.000000 1.000000 1.000001 1.000000 1.000000 0.000000 0.000000 3.106208 -3.122654 -2.975749 2.932575 -3.136956 1.126869 1.011226 0.000000
 0.377000 121.000202 1.000000 1.000000 1.000001 1.000000 1.000000 0.000000 0.000000 3.111465 -3.129430 -2.975892 2.941708 -3.130377 1.114769 1.035405 0.000000
 0.378000 121.000189 1.000000 1.000000 1.000001 1.000000 1.000000 0.000000 0.000000 3.116713 -3.136101 -2.975857 2.951390 -3.123121 1.101556 1.058470 0.000000
 0.379000 121.000186 1.000000 1.000000 1.000001 1.000000 1.000000 0.000000 0.000000 3.121922 3.140584 -2.975710 2.961396 -3.115485 1.087570 1.080193 0.000000
 0.380000 121.000191 1.000000 1.000000 1.000001 1.000000 1.000000 0.000000 0.000000 3.127072 3.134290 -2.975548 2.971507 -3.107762 1.073179 1.100423 0.000000
 0.381000 121.000204 1.000000 1.000000 1.000001 1.000000 1.000000 0.000000 0.000000 3.132114 3.128223 -2.975462 2.981467 -3.100242 1.058793 1.119137 0.000000
 0.382000 121.000224 1.000000 1.000000 1.000001 1.000000 1.000000 0.000000 0.000000 3.136990 3.122392 -2.975524 2.991067 -3.093189 1.044810 1.136397 0.000000
 0.383000 121.000249 1.000000 1.000000 1.000001 1.000000 1.000000 0.000000 0.000000 -3.141515 3.116778 -2.975853 3.000112 -3.086792 1.031603 1.152348 0.000000
 0.384000 121.000280 1.000000 1.000000 1.000001 1.000000 1.000000 0.000000 0.000000 -3.137043 3.111359 -2.976541 3.008458 -3.081203 1.019485 1.167189 0.000000
 0.385000 121.000315 1.000000 1.000000 1.000001 1.000000 1.000000 0.000000 0.000000 -3.132758 3.106123 -2.977703 3.016004 -3.076475 1.008695 1.181132 0.000000
 0.386000 121.000355 1.000000 1.000000 1.000001 1.000000 1.000000 0.000000 0.000000 -3.128632 3.101064 -2.979417 3.022693 -3.072637 0.999401 1.194390 0.000000
 0.387000 121.000400 1.000000 1.000000 1.000001 1.000000 1.000000 0.000000 0.000000 -3.124597 3.096201 -2.981755 3.028495 -3.069647 0.991695 1.207138 0.000000
 0.388000 121.000451 1.000000 1.000000 1.000001 1.000000 1.000000 0.000000 0.000000 -3.120571 3.091546 -2.984760 3.033463 -3.067406 0.985577 1.219528 0.000000
 0.389000 121.000508 1.000000 1.000000 1.000001 1.000000 1.000000 0.000000 0.000001 -3.116466 3.087147 -2.988453 3.037617 -3.065804 0.981022 1.231645 0.000000
 0.390000 121.000573 1.000000 1.000000 1.000001 1.000000 1.000000 0.000000 0.000001 -3.112208 3.083036 -2.992819 3.041029 -3.064702 0.977942 1.243569 0.000000
 0.391000 121.000648 1.000000 1.000000 1.000001 1.000000 1.000000 0.000000 0.000001 -3.107732 3.079242 -2.997818 3.043788 -3.063931 0.976171 1.255385 0.000000
 0.392000 121.000734 1.000000 1.000000 1.000001 1.000000 1.000000 0.000000 0.000001 -3.102994 3.075797 -3.003381 3.045961 -3.063351 0.975568 1.267131 0.000000
 0.393000 121.000834 1.000000 1.000000 1.000001 1.000000 1.000000 0.000000 0.000001 -3.097984 3.072662 -3.009447 3.047641 -3.062791 0.975963 1.278855 0.000000
 0.394000 121.000950 1.000000 1.000000 1.000001 1.000000 1.000000 0.000000 0.000001 -3.092696 3.069819 -3.015934 3.048892 -3.062110 0.977181 1.290582 0.000000
 0.395000 121.001087 1.000000 1.000000 1.000000 1.000000 1.000000 0.000000 0.000001 -3.087150 3.067180 -3.022766 3.049806 -3.061180 0.979017 1.302329 0.000000
 0.396000 121.001248 1.000000 1.000000 1.000000 1.000000 1.000000 0.000000 0.000002 -3.081351 3.064670 -3.029868 3.050445 -3.059893 0.981274 1.314080 0.000000
 0.397000 121.001438 1.000000 1.000000 1.000000 1.000000 1.000000 0.000000 0.000002 -3.075291 3.062199 -3.037180 3.050898 -3.058143 0.983718 1.325793 0.000000
 0.398000 121.001657 1.000000 1.000000 1.000000 1.000000 1.000000 0.000000 0.000002 -3.068944 3.059691 -3.044660 3.051241 -3.055853 0.986114 1.337354 0.000000
 0.399000 121.001909 1.000000 1.000000 1.000000 1.000000 1.000000 0.000000 0.000002 -3.062233 3.057112 -3.052271 3.051531 -3.052988 0.988216 1.348619 0.000000
 0.400000 121.002191 1.000000 1.000000 1.000000 1.000000 1.000000 0.000000 0.000003 -3.055069 3.054465 -3.059975 3.051843 -3.049524 0.989751 1.359412 0.000000
 0.401000 121.002497 1.000000 1.000000 1.000000 1.000000 1.000000 0.000000 0.000003 -3.047362 3.051780 -3.067717 3.052250 -3.045475 0.990458 1.369503 0.000000
 0.402000 121.002815 1.000000 1.000000 1.000000 1.000000 1.000000 0.000000 0.000004 -3.039038 3.049133 -3.075446 3.052799 -3.040904 0.990121 1.378656 0.000000
 0.403000 121.003131 1.000000 1.000000 1.000000 1.000000 1.000000 0.000000 0.000004 -3.030024 3.046636 -3.083058 3.053527 -3.035952 0.988574 1.386653 0.000000
 0.404000 121.003422 1.000000 1.000000 1.000000 1.000000 1.000000 0.000000 0.000005 -3.020311 3.044390 -3.090433 3.054471 -3.030784 0.985727 1.393285 0.000000
 0.405000 121.003672 1.000001 1.000000 1.000000 1.000000 1.000000 0.000000 0.000005 -3.009935 3.042503 -3.097430 3.055632 -3.025641 0.981573 1.398470 0.000000
 0.406000 121.003864 1.000001 1.000000 1.000000 1.000000 1.000000 0.000000 0.000005 -2.998976 3.041037 -3.103899 3.057030 -3.020789 0.976184 1.402161 0.000000
 0.407000 121.003988 1.000001 1.000000 1.000000 1.000000 1.000001 0.000000 0.000005 -2.987577 3.040016 -3.109675 3.058674 -3.016513 0.969706 1.404388 0.000000
 0.408000 121.004041 1.000001 1.000000 1.000000 1.000000 1.000001 0.000000 0.000005 -2.975918 3.039432 -3.114632 3.060570 -3.013066 0.962359 1.405234 0.000000
 0.409000 121.004028 1.000001 1.000000 1.000000 1.000000 1.000001 0.000000 0.000005 -2.964217 3.039226 -3.118660 3.062710 -3.010690 0.954401 1.404836 0.000000
 0.410000 121.003954 1.000001 1.000000 1.000000 1.000000 1.000001 0.000000 0.000005 -2.952695 3.039301 -3.121710 3.065122 -3.009527 0.946121 1.403266 0.000000
 0.411000 121.003828 1.000001 1.000000 1.000000 1.000000 1.000001 0.000000 0.000005 -2.941560 3.039536 -3.123777 3.067828 -3.009639 0.937785 1.400622 0.000000
 0.412000 121.003655 1.000002 1.000000 1.000000 1.000000 1.000001 0.000000 0.000005 -2.930982 3.039803 -3.124943 3.070839 -3.010979 0.929664 1.396916 0.000000
 0.413000 121.003442 1.000002 1.000000 1.000000 1.000000 1.000001 0.000001 0.000004 -2.921105 3.039966 -3.125325 3.074152 -3.013439 0.922041 1.392106 0.000000
 0.414000 121.003196 1.000002 1.000000 1.000000 1.000000 1.000001 0.000001 0.000004 -2.912017 3.039892 -3.125091 3.077767 -3.016822 0.915153 1.386131 0.000000
 0.415000 121.002921 1.000002 1.000000 1.000000 1.000000 1.000000 0.000001 0.000004 -2.903757 3.039474 -3.124434 3.081656 -3.020896 0.909248 1.378883 0.000000
 0.416000 121.002626 1.000002 1.000000 1.000000 1.000000 1.000000 0.000001 0.000003 -2.896333 3.038603 -3.123544 3.085821 -3.025400 0.904503 1.370233 0.000000
 0.417000 121.002321 1.000003 1.000000 1.000000 1.000000 1.000000 0.000001 0.000003 -2.889730 3.037207 -3.122572 3.090217 -3.030116 0.901099 1.360073 0.000000
 0.418000 121.002014 1.000003 1.000000 1.000000 1.000000 1.000000 0.000001 0.000002 -2.883903 3.035208 -3.121675 3.094804 -3.034828 0.899184 1.348273 0.000000
 0.419000 121.001715 1.000003 1.000000 1.000000 1.000000 1.000000 0.000001 0.000002 -2.878828 3.032558 -3.120938 3.099537 -3.039385 0.898859 1.334706 0.000000
 0.420000 121.001435 1.000003 1.000000 1.000000 1.000000 1.000000 0.000001 0.000002 -2.874465 3.029220 -3.120423 3.104344 -3.043673 0.900193 1.319300 0.000000
 0.421000 121.001179 1.000003 1.000000 1.000000 1.000000 1.000000 0.000001 0.000001 -2.870803 3.025152 -3.120167 3.109178 -3.047612 0.903208 1.301959 0.000000
 0.422000 121.000954 1.000003 1.000000 1.000000 1.000000 1.000000 0.000001 0.000001 -2.867803 3.020357 -3.120179 3.113963 -3.051158 0.907859 1.282639 0.000000
 0.423000 121.000762 1.000004 1.000000 1.000000 1.000000 1.000000 0.000001 0.000001 -2.865457 3.014866 -3.120440 3.118622 -3.054293 0.914033 1.261325 0.000000
 0.424000 121.000603 1.000004 1.000000 1.000000 1.000000 1.000000 0.000001 0.000001 -2.863702 3.008709 -3.120973 3.123089 -3.057004 0.921583 1.238033 0.000000
 0.425000 121.000477 1.000004 1.000000 1.000000 1.000000 1.000000 0.000000 0.000000 -2.862458 3.001991 -3.121785 3.127295 -3.059281 0.930282 1.212858 0.000000
 0.426000 121.000380 1.000004 1.000000 1.000000 1.000000 1.000000 0.000000 0.000000 -2.861603 2.994838 -3.122926 3.131161 -3.061122 0.939891 1.185982 0.000000
 0.427000 121.000310 1.000004 1.000000 1.000000 1.000000 1.000000 0.000000 0.000000 -2.860981 2.987420 -3.124453 3.134627 -3.062539 0.950135 1.157695 0.000000
 0.428000 121.000261 1.000004 1.000000 1.000000 1.000000 1.000000 0.000000 0.000000 -2.860414 2.979940 -3.126428 3.137640 -3.063545 0.960749 1.128387 0.000000
 0.429000 121.000233 1.000004 1.000000 1.000000 1.000000 1.000000 0.000000 0.000000 -2.859709 2.972641 -3.128886 3.140137 -3.064213 0.971484 1.098545 0.000000
 0.430000 121.000224 1.000004 1.000000 1.000000 1.000000 1.000000 0.000000 0.000000 -2.858687 2.965783 -3.131853 -3.141130 -3.064618 0.982119 1.068736 0.000000
 0.431000 121.000229 1.000004 1.000000 1.000000 1.000000 1.000000 0.000000 0.000000 -2.857164 2.959646 -3.135283 -3.139842 -3.064927 0.992466 1.039529 0.000000
 0.432000 121.000250 1.000004 1.000000 1.000000 1.000000 1.000000 0.000000 0.000000 -2.855012 2.954493 -3.139100 -3.139228 -3.065318 1.002408 1.011444 0.000000
 0.433000 121.000285 1.000004 1.000000 1.000000 1.000000 1.000000 0.000000 0.000000 -2.852171 2.950560 3.140027 -3.139312 -3.065993 1.011849 0.984895 0.000000
 0.434000 121.000338 1.000004 1.000000 1.000000 1.000000 1.000000 0.000000 0.000000 -2.848616 2.948025 3.135900 -3.140101 -3.067181 1.020749 0.960137 0.000000
 0.435000 121.000408 1.000005 1.000000 1.000000 1.000000 1.000000 0.000000 0.000000 -2.844372 2.947029 3.131886 -3.141587 -3.069065 1.029095 0.937274 0.000000
 0.436000 121.000492 1.000005 1.000000 1.000000 1.000000 1.000000 0.000000 0.000001 -2.839512 2.947647 3.128182 3.139441 -3.071805 1.036883 0.916259 0.000000
 0.437000 121.000597 1.000005 1.000000 1.000000 1.000000 1.000000 0.000000 0.000001 -2.834116 2.949890 3.124936 3.136652 -3.075486 1.044160 0.896919 0.000000
 0.438000 121.000723 1.000006 1.000000 1.000000 1.000000 1.000000 0.000000 0.000001 -2.828269 2.953729 3.122261 3.133271 -3.080119 1.050971 0.879036 0.000000
 0.439000 121.000871 1.000006 1.000000 1.000000 1.000000 1.000000 0.000000 0.000001 -2.822063 2.959067 3.120222 3.129359 -3.085658 1.057372 0.862322 0.000000
 0.440000 121.001045 1.000007 1.000000 1.000000 1.000000 1.000000 0.000000 0.000001 -2.815572 2.965759 3.118840 3.124991 -3.091999 1.063423 0.846495 0.000000
 0.441000 121.001252 1.000008 1.000000 1.000000 1.000000 1.000000 0.000000 0.000002 -2.808844 2.973655 3.118071 3.120227 -3.098972 1.069186 0.831282 0.000000
 0.442000 121.001499 1.000008 1.000000 1.000000 1.000000 1.000000 0.000000 0.000002 -2.801924 2.982521 3.117846 3.115170 -3.106399 1.074726 0.816420 0.000000
 0.443000 121.001799 1.000009 1.000000 1.000000 1.000000 1.000000 0.000000 0.000002 -2.794868 2.992121 3.118068 3.109924 -3.114074 1.080091 0.801689 0.000000
 0.444000 121.002167 1.000010 1.000000 1.000000 1.000000 1.000000 0.000000 0.000003 -2.787718 3.002174 3.118643 3.104608 -3.121825 1.085334 0.786881 0.000000
 0.445000 121.002628 1.000011 1.000000 1.000000 1.000000 1.000000 0.000000 0.000004 -2.780526 3.012379 3.119459 3.099361 -3.129449 1.090491 0.771778 0.000000
 0.446000 121.003216 1.000012 1.000000 1.000000 1.000000 1.000000 0.000000 0.000004 -2.773390 3.022414 3.120466 3.094338 -3.136806 1.095568 0.756196 0.000000
 0.447000 121.003969 1.000014 1.000000 1.000000 1.000000 1.000000 0.000000 0.000005 -2.766378 3.031939 3.121588 3.089705 3.139443 1.100540 0.739993 0.000000
 0.448000 121.004976 1.000015 1.000000 1.000000 1.000000 1.000000 0.000000 0.000007 -2.759582 3.040651 3.122795 3.085592 3.133046 1.105383 0.723053 0.000000
 0.449000 121.006323 1.000016 1.000000 1.000000 1.000000 1.000000 0.000000 0.000009 -2.753083 3.048250 3.124052 3.082149 3.127291 1.110054 0.705307 0.000000
 0.450000 121.008143 1.000018 1.000000 1.000000 1.000000 1.000000 0.000000 0.000011 -2.746980 3.054498 3.125353 3.079488 3.122261 1.114503 0.686787 0.000000
 0.451000 121.010626 1.000019 1.000000 1.000000 1.000000 1.000000 0.000000 0.000014 -2.741336 3.059208 3.126672 3.077688 3.118008 1.118753 0.667547 0.000000
 0.452000 121.014011 1.000021 1.000000 1.000000 1.000000 1.000000 0.000000 0.000019 -2.736201 3.062282 3.127963 3.076789 3.114577 1.122795 0.647809 0.000000
 0.453000 121.018606 1.000022 1.000000 1.000000 1.000000 1.000000 0.000000 0.000025 -2.731623 3.063684 3.129197 3.076782 3.111955 1.126717 0.627818 0.000000
 0.454000 121.024758 1.000024 1.000000 1.000000 1.000000 1.000000 0.000000 0.000034 -2.727628 3.063486 3.130298 3.077615 3.110103 1.130599 0.607940 0.000000
 0.455000 121.032842 1.000025 1.000000 1.000000 1.000000 1.000000 0.000000 0.000045 -2.724231 3.061807 3.131202 3.079208 3.108929 1.134602 0.588523 0.000000
 0.456000 121.043198 1.000026 1.000000 1.000000 1.000000 1.000000 0.000000 0.000059 -2.721427 3.058839 3.131847 3.081445 3.108310 1.138885 0.569915 0.000000
 0.457000 121.056029 1.000027 1.000000 1.000000 1.000000 1.000000 0.000000 0.000077 -2.719232 3.054820 3.132212 3.084200 3.108098 1.143569 0.552459 0.000000
 0.458000 121.071344 1.000027 1.000000 1.000000 1.000000 1.000000 0.000000 0.000098 -2.717621 3.050004 3.132296 3.087347 3.108098 1.148782 0.536416 0.000000
 0.459000 121.088913 1.000028 1.000000 1.000000 1.000000 1.000000 0.000000 0.000122 -2.716599 3.044657 3.132128 3.090759 3.108125 1.154626 0.521943 0.000000
 0.460000 121.108176 1.000028 1.000000 1.000000 1.000000 1.000000 0.000000 0.000148 -2.716148 3.039041 3.131804 3.094321 3.107975 1.161133 0.509163 0.000000
 0.461000 121.128319 1.000028 1.000000 1.000000 1.000000 1.000000 0.000000 0.000176 -2.716282 3.033352 3.131467 3.097975 3.107477 1.168293 0.498122 0.000000
 0.462000 121.148324 1.000027 1.000000 1.000000 1.000000 1.000000 0.000000 0.000203 -2.716985 3.027757 3.131250 3.101674 3.106502 1.176040 0.488817 0.000000
 0.463000 121.167120 1.000027 1.000000 1.000000 1.000000 1.000000 0.000000 0.000229 -2.718235 3.022373 3.131273 3.105352 3.104954 1.184325 0.481196 0.000000
 0.464000 121.183736 1.000026 1.000000 1.000000 1.000000 1.000000 0.000000 0.000252 -2.720009 3.017276 3.131662 3.108999 3.102789 1.193056 0.475170 0.000000
 0.465000 121.197418 1.000025 1.000000 1.000000 1.000000 1.000000 0.000000 0.000271 -2.722256 3.012529 3.132498 3.112577 3.100014 1.202173 0.470620 0.000000
 0.466000 121.207729 1.000024 1.000000 1.000000 1.000000 1.000000 0.000000 0.000285 -2.724916 3.008173 3.133819 3.116046 3.096650 1.211630 0.467404 0.000000
 0.467000 121.214552 1.000023 1.000000 1.000000 1.000000 1.000000 0.000000 0.000294 -2.727897 3.004239 3.135624 3.119331 3.092756 1.221403 0.465368 0.000000
 0.468000 121.218018 1.000022 1.000000 1.000000 1.000000 1.000000 0.000001 0.000299 -2.731077 3.000790 3.137855 3.122366 3.088429 1.231467 0.464362 0.000000
 0.469000 121.218479 1.000021 1.000000 1.000000 1.000000 1.000000 0.000001 0.000299 -2.734359 2.997886 3.140457 3.125061 3.083738 1.241814 0.464233 0.000000
 0.470000 121.216124 1.000020 1.000000 1.000000 1.000000 1.000000 0.000001 0.000296 -2.737611 2.995590 -3.139863 3.127335 3.078794 1.252382 0.464923 0.000000
 0.471000 121.211285 1.000020 1.000000 1.000000 1.000000 1.000000 0.000001 0.000290 -2.740748 2.993973 -3.136810 3.129115 3.073698 1.263099 0.466359 0.000000
 0.472000 121.204015 1.000019 1.000000 1.000000 1.000000 1.000000 0.000001 0.000280 -2.743718 2.993063 -3.133632 3.130370 3.068550 1.273817 0.468580 0.000000
 0.473000 121.194342 1.000018 1.000000 1.000000 1.000000 1.000000 0.000001 0.000266 -2.746529 2.992859 -3.130368 3.131087 3.063440 1.284375 0.471666 0.000000
 0.474000 121.182083 1.000017 1.000000 1.000000 1.000000 1.000000 0.000001 0.000249 -2.749223 2.993291 -3.127013 3.131340 3.058484 1.294491 0.475814 0.000000
 0.475000 121.167281 1.000017 1.000000 1.000000 1.000000 1.000000 0.000001 0.000229 -2.751890 2.994274 -3.123541 3.131213 3.053770 1.303914 0.481229 0.000000
 0.476000 121.150112 1.000016 1.000000 1.000000 1.000000 1.000000 0.000002 0.000205 -2.754644 2.995668 -3.119940 3.130829 3.049425 1.312341 0.488174 0.000000
 0.477000 121.131170 1.000015 1.000000 1.000000 1.000000 1.000000 0.000002 0.000179 -2.757597 2.997332 -3.116196 3.130319 3.045536 1.319511 0.496870 0.000000
 0.478000 121.111349 1.000015 1.000000 1.000000 1.000000 1.000000 0.000002 0.000152 -2.760853 2.999112 -3.112319 3.129821 3.042192 1.325219 0.507503 0.000000
 0.479000 121.091756 1.000014 1.000000 1.000000 1.000000 1.000000 0.000002 0.000125 -2.764488 3.000913 -3.108356 3.129424 3.039459 1.329323 0.520167 0.000000
 0.480000 121.073445 1.000013 1.000000 1.000000 1.000000 1.000000 0.000002 0.000100 -2.768516 3.002678 -3.104391 3.129179 3.037373 1.331777 0.534872 0.000000
 0.481000 121.057233 1.000012 1.000000 1.000000 1.000000 1.000000 0.000002 0.000078 -2.772892 3.004413 -3.100528 3.129088 3.035958 1.332625 0.551534 0.000000
 0.482000 121.043560 1.000012 1.000000 1.000000 1.000000 1.000000 0.000002 0.000059 -2.777532 3.006160 -3.096889 3.129094 3.035177 1.332007 0.570004 0.000000
 0.483000 121.032517 1.000011 1.000000 1.000000 1.000000 1.000000 0.000002 0.000044 -2.782297 3.008012 -3.093562 3.129106 3.034954 1.330141 0.590070 0.000000
 0.484000 121.023912 1.000010 1.000000 1.000000 1.000000 1.000000 0.000002 0.000032 -2.787014 3.010101 -3.090607 3.129024 3.035190 1.327297 0.611499 0.000000
 0.485000 121.017386 1.000010 1.000000 1.000000 1.000000 1.000000 0.000002 0.000023 -2.791525 3.012546 -3.088007 3.128771 3.035744 1.323723 0.634113 0.000000
 0.486000 121.012535 1.000009 1.000000 1.000000 1.000000 1.000000 0.000002 0.000017 -2.795686 3.015439 -3.085728 3.128304 3.036481 1.319681 0.657783 0.000000
 0.487000 121.008989 1.000009 1.000000 1.000000 1.000000 1.000000 0.000002 0.000012 -2.799393 3.018831 -3.083684 3.127624 3.037248 1.315425 0.682386 0.000000
 0.488000 121.006427 1.000008 1.000000 1.000000 1.000000 1.000000 0.000002 0.000008 -2.802612 3.022726 -3.081756 3.126788 3.037926 1.311148 0.707851 0.000000
 0.489000 121.004591 1.000008 1.000000 1.000000 1.000000 1.000000 0.000001 0.000006 -2.805341 3.027060 -3.079842 3.125904 3.038435 1.307002 0.734176 0.000000
 0.490000 121.003287 1.000008 1.000000 1.000000 1.000000 1.000000 0.000001 0.000004 -2.807668 3.031700 -3.077841 3.125100 3.038734 1.303150 0.761328 0.000000
 0.491000 121.002366 1.000007 1.000000 1.000000 1.000000 1.000000 0.000001 0.000003 -2.809701 3.036487 -3.075671 3.124529 3.038805 1.299713 0.789300 0.000000
 0.492000 121.001721 1.000007 1.000000 1.000000 1.000000 1.000000 0.000001 0.000002 -2.811596 3.041253 -3.073260 3.124313 3.038647 1.296797 0.818099 0.000000
 0.493000 121.001272 1.000007 1.000000 1.000000 1.000000 1.000000 0.000001 0.000001 -2.813475 3.045830 -3.070600 3.124524 3.038296 1.294519 0.847730 0.000000
 0.494000 121.000962 1.000007 1.000000 1.000000 1.000000 1.000000 0.000001 0.000001 -2.815467 3.050070 -3.067685 3.125220 3.037780 1.292944 0.878210 0.000000
 0.495000 121.000751 1.000007 1.000000 1.000000 1.000000 1.000000 0.000001 0.000001 -2.817640 3.053877 -3.064557 3.126371 3.037129 1.292128 0.909601 0.000000
 0.496000 121.000611 1.000007 1.000000 1.000000 1.000000 1.000000 0.000001 0.000000 -2.820029 3.057192 -3.061272 3.127914 3.036342 1.292113 0.941955 0.000000
 0.497000 121.000521 1.000006 1.000000 1.000000 1.000000 1.000000 0.000001 0.000000 -2.822627 3.060002 -3.057888 3.129754 3.035414 1.292863 0.975416 0.000000
 0.498000 121.000468 1.000006 1.000000 1.000000 1.000000 1.000000 0.000001 0.000000 -2.825420 3.062317 -3.054444 3.131794 3.034307 1.294320 1.010095 0.000000
 0.499000 121.000444 1.000006 1.000000 1.000000 1.000000 1.000000 0.000001 0.000000 -2.828394 3.064158 -3.050959 3.133953 3.032994 1.296343 1.046149 0.000000
 0.500000 121.000447 1.000006 1.000000 1.000000 1.000000 1.000000 0.000001 0.000000 -2.831546 3.065524 -3.047433 3.136195 3.031455 1.298773 1.083665 0.000000
 0.501000 121.000476 1.000005 1.000000 1.000000 1.000000 1.000000 0.000001 0.000000 -2.834911 3.066401 -3.043813 3.138548 3.029673 1.301405 1.122680 0.014246
 0.502000 121.000539 1.000005 1.000000 1.000000 1.000000 1.000000 0.000001 0.000000 -2.838567 3.066726 -3.040024 3.141080 3.027656 1.304033 1.163081 0.014127
 0.503000 121.000658 1.000005 1.000000 1.000000 1.000000 1.000000 0.000001 0.000000 -2.842608 3.066454 -3.035999 -3.139289 3.025453 1.306458 1.204628 0.013934
 0.504000 121.000860 1.000005 1.000000 1.000000 1.000000 1.000000 0.000001 0.000001 -2.847153 3.065493 -3.031706 -3.136098 3.023133 1.308547 1.246911 0.013687
 0.505000 121.001213 1.000004 1.000000 1.000000 1.000000 1.000000 0.000001 0.000001 -2.852292 3.063808 -3.027121 -3.132441 3.020782 1.310181 1.289432 0.013413
 0.506000 121.001829 1.000004 1.000000 1.000000 1.000000 1.000000 0.000002 0.000002 -2.858078 3.061384 -3.022280 -3.128267 3.018502 1.311287 1.331625 0.013138
 0.507000 121.002898 1.000004 1.000000 1.000001 1.000000 1.000000 0.000002 0.000003 -2.864526 3.058258 -3.017270 -3.123611 3.016384 1.311902 1.372894 0.012883
 0.508000 121.004726 1.000003 1.000000 1.000001 1.000000 1.000000 0.000002 0.000006 -2.871585 3.054528 -3.012166 -3.118551 3.014474 1.312060 1.412757 0.012659
 0.509000 121.007791 1.000003 1.000000 1.000001 1.000000 1.000000 0.000002 0.000010 -2.879162 3.050339 -3.007069 -3.113208 3.012801 1.311846 1.450847 0.012465
 0.510000 121.012808 1.000003 1.000000 1.000001 1.000000 1.000000 0.000002 0.000017 -2.887152 3.045856 -3.002046 -3.107726 3.011366 1.311345 1.486911 0.012293
 0.511000 121.020801 1.000002 1.000000 1.000001 1.000000 1.000000 0.000002 0.000028 -2.895393 3.041303 -2.997127 -3.102267 3.010117 1.310656 1.520820 0.012120
 0.512000 121.033188 1.000002 1.000000 1.000001 1.000000 1.000000 0.000001 0.000045 -2.903781 3.036875 -2.992286 -3.096951 3.008990 1.309834 1.552532 0.011906
 0.513000 121.051879 1.000002 1.000000 1.000001 1.000000 1.000000 0.000001 0.000071 -2.912198 3.032780 -2.987486 -3.091881 3.007910 1.308937 1.582110 0.011574
 0.514000 121.079353 1.000002 1.000000 1.000001 1.000000 1.000000 0.000001 0.000108 -2.920571 3.029179 -2.982652 -3.087114 3.006809 1.307995 1.609648 0.010979
 0.515000 121.118794 1.000002 1.000000 1.000001 1.000000 1.000000 0.000001 0.000162 -2.928876 3.026191 -2.977696 -3.082641 3.005646 1.306988 1.635291 0.009886
 0.516000 121.174318 1.000001 1.000000 1.000001 1.000000 1.000000 0.000001 0.000239 -2.937133 3.023918 -2.972531 -3.078447 3.004414 1.305901 1.659235 0.008012
 0.517000 121.251146 1.000001 1.000000 1.000001 1.000000 1.000000 0.000001 0.000344 -2.945386 3.022392 -2.967094 -3.074469 3.003138 1.304691 1.681665 0.005290
 0.518000 121.356111 1.000001 1.000000 1.000001 1.000000 1.000000 0.000001 0.000488 -2.953667 3.021648 -2.961377 -3.070672 3.001881 1.303331 1.702788 0.002366
 0.519000 121.498561 1.000001 1.000000 1.000001 1.000000 1.000000 0.000001 0.000683 -2.961993 3.021721 -2.955424 -3.067054 3.000704 1.301788 1.722848 0.000514
 0.520000 121.691619 1.000001 1.000000 1.000001 1.000000 1.000000 0.000001 0.000948 -2.970362 3.022653 -2.949319 -3.063652 2.999672 1.300031 1.742093 0.000029
 0.521000 121.954637 1.000001 1.000000 1.000001 1.000000 1.000000 0.000001 0.001309 -2.978730 3.024501 -2.943203 -3.060559 2.998814 1.298040 1.760790 0.000000
 0.522000 122.317664 1.000001 1.000000 1.000001 1.000000 1.000000 0.000001 0.001807 -2.987020 3.027315 -2.937259 -3.057915 2.998148 1.295806 1.779242 0.000000
 0.523000 122.827087 1.000001 1.000000 1.000002 1.000000 1.000000 0.000001 0.002506 -2.995163 3.031142 -2.931631 -3.055875 2.997638 1.293293 1.797714 0.000000
 0.524000 123.559530 1.000001 1.000000 1.000002 1.000000 1.000000 0.000001 0.003511 -3.003115 3.035969 -2.926445 -3.054574 2.997243 1.290455 1.816517 0.000000
 0.525000 124.638665 1.000001 1.000000 1.000002 1.000000 1.000000 0.000001 0.004991 -3.010853 3.041715 -2.921740 -3.054104 2.996863 1.287259 1.835881 0.000000
 0.526000 126.268494 1.000001 1.000000 1.000002 1.000000 1.000000 0.000001 0.007227 -3.018416 3.048214 -2.917484 -3.054476 2.996420 1.283671 1.855985 0.000000
 0.527000 128.785604 1.000000 1.000000 1.000002 1.000000 1.000000 0.000001 0.010679 -3.025889 3.055208 -2.913548 -3.055610 2.995817 1.279656 1.876920 0.000000
 0.528000 132.736054 1.000000 1.000000 1.000002 1.000000 1.000000 0.000001 0.016098 -3.033392 3.062372 -2.909780 -3.057341 2.995006 1.275244 1.898647 0.000000
 0.529000 138.986624 1.000000 1.000000 1.000002 1.000000 1.000000 0.000001 0.024673 -3.041052 3.069347 -2.905975 -3.059427 2.993943 1.270492 1.921009 0.000000
 0.530000 148.849703 1.000000 1.000000 1.000002 1.000000 1.000000 0.000001 0.038202 -3.048999 3.075780 -2.901977 -3.061609 2.992614 1.265538 1.943740 0.000000
 0.531000 164.168973 1.000000 1.000000 1.000002 1.000000 1.000000 0.000001 0.059216 -3.057303 3.081398 -2.897696 -3.063672 2.991035 1.260578 1.966500 0.000000
 0.532000 187.270812 1.000000 1.000000 1.000002 1.000000 1.000000 0.000001 0.090906 -3.066003 3.085979 -2.893119 -3.065405 2.989290 1.255826 1.988947 0.000000
 0.533000 220.547316 1.000000 1.000000 1.000003 1.000000 1.000000 0.000001 0.136553 -3.075030 3.089425 -2.888347 -3.066694 2.987440 1.251534 2.010753 0.000000
 0.534000 265.612703 1.000000 1.000000 1.000003 1.000000 1.000000 0.000001 0.198371 -3.084310 3.091707 -2.883531 -3.067468 2.985577 1.247937 2.031653 0.000000
 0.535000 322.185639 1.000000 1.000000 1.000003 1.000000 1.000000 0.000001 0.275975 -3.093694 3.092922 -2.878881 -3.067701 2.983816 1.245224 2.051453 0.000000
 0.536000 387.539430 1.000000 1.000000 1.000003 1.000000 1.000000 0.000001 0.365623 -3.103035 3.093218 -2.874608 -3.067406 2.982275 1.243534 2.070073 0.000000
 0.537000 456.796517 1.000000 1.000000 1.000003 1.000000 1.000000 0.000001 0.460626 -3.112194 3.092768 -2.870901 -3.066597 2.981056 1.242938 2.087486 0.000000
 0.538000 524.499793 1.000000 1.000000 1.000003 1.000000 1.000000 0.000001 0.553497 -3.121057 3.091780 -2.867887 -3.065272 2.980270 1.243427 2.103726 0.000000
 0.539000 586.340229 1.000000 1.000000 1.000004 1.000000 1.000000 0.000001 0.638327 -3.129560 3.090415 -2.865627 -3.063389 2.980016 1.244905 2.118892 0.000000
 0.540000 639.906152 1.000000 1.000000 1.000004 1.000000 1.000000 0.000001 0.711805 -3.137678 3.088833 -2.864099 -3.060911 2.980366 1.247220 2.133113 0.000000
 0.541000 684.573449 1.000000 1.000000 1.000004 1.000000 1.000000 0.000001 0.773077 3.137729 3.087128 -2.863222 -3.057772 2.981405 1.250158 2.146536 0.000000
 0.542000 720.863456 1.000000 1.000000 1.000004 1.000000 1.000000 0.000001 0.822858 3.130234 3.085380 -2.862869 -3.053912 2.983175 1.253496 2.159309 0.000000
 0.543000 749.955461 1.000000 1.000000 1.000004 1.000000 1.000000 0.000001 0.862764 3.122918 3.083632 -2.862854 -3.049282 2.985692 1.256941 2.171617 0.000000
 0.544000 773.101804 1.000000 1.000000 1.000004 1.000000 1.000000 0.000001 0.894515 3.115758 3.081954 -2.863065 -3.043894 2.988939 1.260239 2.183637 0.000000
 0.545000 791.481693 1.000000 1.000000 1.000004 1.000000 1.000000 0.000001 0.919728 3.108714 3.080405 -2.863396 -3.037809 2.992844 1.263138 2.195574 0.000000
 0.546000 806.052178 1.000000 1.000000 1.000004 1.000000 1.000000 0.000001 0.939715 3.101832 3.079102 -2.863808 -3.031153 2.997300 1.265426 2.207630 0.000000
 0.547000 817.558791 1.000000 1.000000 1.000004 1.000000 1.000000 0.000001 0.955499 3.095226 3.078200 -2.864325 -3.024132 3.002139 1.266928 2.220009 0.000000
 0.548000 826.576377 1.000000 1.000000 1.000004 1.000001 1.000000 0.000001 0.967868 3.089019 3.077845 -2.864973 -3.016981 3.007162 1.267537 2.232918 0.000000
 0.549000 833.531795 1.000000 1.000000 1.000004 1.000001 1.000000 0.000001 0.977410 3.083342 3.078185 -2.865778 -3.009925 3.012165 1.267161 2.246525 0.000000
 0.550000 838.781630 1.000000 1.000000 1.000003 1.000001 1.000000 0.000001 0.984611 3.078316 3.079330 -2.866762 -3.003207 3.016928 1.265771 2.260997 0.000000
 0.551000 842.621378 1.000000 1.000000 1.000003 1.000001 1.000000 0.000001 0.989878 3.073987 3.081299 -2.867863 -2.996949 3.021261 1.263348 2.276428 0.000000
 0.552000 845.320317 1.000000 1.000000 1.000003 1.000001 1.000000 0.000001 0.993580 3.070340 3.084043 -2.868991 -2.991226 3.025010 1.259916 2.292820 0.000000
 0.553000 847.137770 1.000000 1.000000 1.000003 1.000001 1.000000 0.000001 0.996073 3.067286 3.087446 -2.870005 -2.986018 3.028085 1.255533 2.310115 0.000000
 0.554000 848.308292 1.000000 1.000000 1.000003 1.000001 1.000000 0.000001 0.997679 3.064637 3.091300 -2.870738 -2.981216 3.030449 1.250279 2.328189 0.000000
 0.555000 849.030579 1.000000 1.000000 1.000003 1.000001 1.000000 0.000001 0.998670 3.062181 3.095405 -2.871044 -2.976689 3.032134 1.244277 2.346872 0.000000
 0.556000 849.458959 1.000000 1.000000 1.000003 1.000001 1.000000 0.000001 0.999258 3.059662 3.099526 -2.870822 -2.972286 3.033227 1.237664 2.365965 0.000000
 0.557000 849.704947 1.000000 1.000000 1.000003 1.000001 1.000000 0.000001 0.999595 3.056845 3.103464 -2.870030 -2.967876 3.033855 1.230617 2.385318 0.000000
 0.558000 849.842569 1.000000 1.000000 1.000003 1.000001 1.000000 0.000001 0.999784 3.053545 3.107047 -2.868731 -2.963385 3.034182 1.223372 2.404846 0.000000
 0.559000 849.917961 1.000000 1.000000 1.000003 1.000001 1.000000 0.000000 0.999887 3.049618 3.110169 -2.867046 -2.958784 3.034387 1.216117 2.424559 0.000000
 0.560000 849.958385 1.000000 1.000000 1.000004 1.000001 1.000000 0.000000 0.999943 3.045018 3.112783 -2.865185 -2.954115 3.034669 1.209071 2.444500 0.000000
 0.561000 849.979634 1.000000 1.000000 1.000004 1.000001 1.000000 0.000000 0.999972 3.039765 3.114876 -2.863385 -2.949428 3.035218 1.202424 2.464839 0.000000
 0.562000 849.990498 1.000000 1.000000 1.000004 1.000001 1.000000 0.000000 0.999987 3.033909 3.116499 -2.861854 -2.944783 3.036218 1.196289 2.485765 0.000000
 0.563000 849.995851 1.000000 1.000000 1.000004 1.000001 1.000000 0.000000 0.999994 3.027564 3.117708 -2.860810 -2.940259 3.037831 1.190787 2.507481 0.000000
 0.564000 849.998359 1.000000 1.000000 1.000004 1.000001 1.000000 0.000000 0.999998 3.020847 3.118604 -2.860399 -2.935920 3.040198 1.185975 2.530175 0.000000
 0.565000 849.999461 1.000000 1.000000 1.000004 1.000002 1.000000 0.000000 0.999999 3.013852 3.119279 -2.860714 -2.931793 3.043451 1.181867 2.554020 0.000000
 0.566000 849.999910 1.000000 1.000000 1.000004 1.000002 1.000000 0.000000 1.000000 3.006652 3.119815 -2.861752 -2.927885 3.047676 1.178442 2.579177 0.000000
 0.567000 850.000075 1.000000 1.000000 1.000004 1.000002 1.000000 0.000000 1.000000 2.999288 3.120290 -2.863469 -2.924194 3.052956 1.175657 2.605766 0.000000
 0.568000 850.000129 1.000000 1.000000 1.000004 1.000002 1.000000 0.000000 1.000000 2.991731 3.120749 -2.865742 -2.920710 3.059320 1.173446 2.633891 0.000000
 0.569000 850.000145 1.000000 1.000000 1.000003 1.000002 1.000000 0.000000 1.000000 2.983951 3.121203 -2.868439 -2.917420 3.066780 1.171726 2.663673 0.000000
 0.570000 850.000149 1.000000 1.000000 1.000003 1.000002 1.000000 0.000000 1.000000 2.975914 3.121687 -2.871413 -2.914338 3.075286 1.170383 2.695225 0.000000
 0.571000 850.000149 1.000000 1.000000 1.000003 1.000002 1.000000 0.000000 1.000000 2.967620 3.122236 -2.874564 -2.911538 3.084737 1.169324 2.728662 0.000000
 0.572000 850.000149 1.000000 1.000000 1.000003 1.000002 1.000000 0.000000 1.000000 2.959145 3.122934 -2.877832 -2.909147 3.094975 1.168483 2.764104 0.000000
 0.573000 850.000149 1.000000 1.000000 1.000003 1.000002 1.000000 0.000000 1.000000 2.950640 3.123895 -2.881223 -2.907335 3.105800 1.167789 2.801646 0.000000
 0.574000 850.000148 1.000000 1.000000 1.000003 1.000002 1.000000 0.000000 1.000000 2.942358 3.125291 -2.884794 -2.906321 3.116953 1.167210 2.841332 0.000000
 0.575000 850.000147 1.000000 1.000000 1.000003 1.000002 1.000000 0.000000 1.000000 2.934604 3.127285 -2.888635 -2.906298 3.128141 1.166743 2.883107 0.000000
 0.576000 850.000144 1.000000 1.000000 1.000002 1.000002 1.000000 0.000000 1.000000 2.927714 3.130050 -2.892836 -2.907422 3.139087 1.166407 2.926817 0.000000
 0.577000 850.000152 1.000000 1.000000 1.000002 1.000002 1.000000 0.000000 1.000000 2.922007 3.133695 -2.897460 -2.909745 -3.133693 1.166225 2.972134 0.000000
 0.578000 850.000150 1.000000 1.000000 1.000002 1.000002 1.000000 0.000000 1.000000 2.917719 3.138280 -2.902513 -2.913218 -3.124075 1.166184 3.018649 0.000000
 0.579000 850.000147 1.000000 1.000000 1.000002 1.000002 1.000000 0.000000 1.000000 2.915006 -3.139366 -2.907946 -2.917678 -3.115433 1.166254 3.065851 0.000000
 0.580000 850.000144 1.000000 1.000000 1.000002 1.000002 1.000000 0.000000 1.000000 2.913860 -3.132953 -2.913671 -2.922872 -3.107896 1.166366 3.113182 0.000000
 0.581000 850.000248 1.000000 1.000000 1.000002 1.000002 1.000000 0.000000 1.000000 2.914170 -3.125793 -2.919565 -2.928485 -3.101504 1.166391 -3.123076 0.000000
 0.582000 850.000322 1.000000 1.000000 1.000002 1.000001 1.000000 0.000000 1.000000 2.915706 -3.118053 -2.925498 -2.934200 -3.096220 1.166198 -3.076944 0.000000
 0.583000 850.000450 1.000000 1.000000 1.000002 1.000001 1.000000 0.000000 1.000000 2.918218 -3.109888 -2.931372 -2.939748 -3.091961 1.165618 -3.031907 0.000000
 0.584000 850.000671 1.000000 1.000000 1.000001 1.000001 1.000000 0.000000 1.000001 2.921403 -3.101469 -2.937102 -2.944891 -3.088584 1.164491 -2.988080 0.000000
 0.585000 850.001048 1.000000 1.000000 1.000001 1.000001 1.000000 0.000000 1.000001 2.924988 -3.092960 -2.942691 -2.949492 -3.085890 1.162680 -2.945443 0.000000
 0.586000 850.001690 1.000000 1.000000 1.000001 1.000001 1.000000 0.000000 1.000002 2.928780 -3.084520 -2.948201 -2.953455 -3.083629 1.160056 -2.903895 0.000000
 0.587000 850.002784 1.000000 1.000000 1.000001 1.000001 1.000000 0.000000 1.000004 2.932608 -3.076286 -2.953706 -2.956737 -3.081547 1.156506 -2.863253 0.000000
 0.588000 850.004657 1.000000 1.000000 1.000001 1.000001 1.000000 0.000000 1.000006 2.936399 -3.068379 -2.959335 -2.959354 -3.079393 1.151987 -2.823332 0.000000
 0.589000 850.007889 1.000000 1.000000 1.000001 1.000001 1.000000 0.000000 1.000011 2.940107 -3.060942 -2.965198 -2.961313 -3.076910 1.146466 -2.783954 0.000000
 0.590000 850.013511 1.000000 1.000000 1.000001 1.000001 1.000000 0.000000 1.000018 2.943756 -3.054097 -2.971412 -2.962649 -3.073871 1.139956 -2.745008 0.000000
 0.591000 850.023385 1.000000 1.000000 1.000001 1.000001 1.000000 0.000000 1.000032 2.947331 -3.047954 -2.977997 -2.963376 -3.070106 1.132502 -2.706388 0.000000
 0.592000 850.040894 1.000000 1.000000 1.000001 1.000001 1.000000 0.000000 1.000056 2.950815 -3.042629 -2.984931 -2.963504 -3.065523 1.124241 -2.668052 0.000000
 0.593000 850.072253 1.000000 1.000000 1.000001 1.000001 1.000000 0.000000 1.000099 2.954142 -3.038223 -2.992109 -2.963033 -3.060084 1.115306 -2.629971 0.000000
 0.594000 850.128845 1.000000 1.000000 1.000001 1.000001 1.000000 0.000000 1.000177 2.957219 -3.034797 -2.999380 -2.961973 -3.053859 1.105913 -2.592190 0.000000
 0.595000 850.231628 1.000000 1.000000 1.000001 1.000001 1.000000 0.000000 1.000318 2.959912 -3.032374 -3.006552 -2.960351 -3.046987 1.096337 -2.554748 0.000000
 0.596000 850.419059 1.000000 1.000000 1.000001 1.000001 1.000000 0.000000 1.000575 2.962092 -3.030944 -3.013437 -2.958207 -3.039662 1.086847 -2.517695 0.000000
 0.597000 850.760721 1.000000 1.000000 1.000001 1.000001 1.000000 0.000000 1.001043 2.963638 -3.030419 -3.019866 -2.955647 -3.032148 1.077772 -2.481113 0.000000
 0.598000 851.380178 1.000000 1.000000 1.000000 1.000001 1.000000 0.000000 1.001893 2.964483 -3.030676 -3.025733 -2.952837 -3.024721 1.069499 -2.445098 0.000000
 0.599000 852.489963 1.000000 1.000000 1.000000 1.000001 1.000001 0.000000 1.003415 2.964657 -3.031521 -3.031014 -2.949978 -3.017657 1.062358 -2.409779 0.000000
 0.600000 854.439959 1.000000 1.000000 1.000000 1.000001 1.000001 0.000000 1.006090 2.964235 -3.032741 -3.035742 -2.947321 -3.011225 1.056740 -2.375326 0.000000
 0.601000 857.780319 1.000000 1.000000 1.000000 1.000001 1.000001 0.000000 1.010672 2.963395 -3.034084 -3.040053 -2.945134 -3.005635 1.052966 -2.341902 0.000000
 0.602000 863.322956 1.000000 1.000000 1.000000 1.000001 1.000001 0.000000 1.018275 2.962365 -3.035291 -3.044131 -2.943704 -3.001053 1.051340 -2.309695 0.000000
 0.603000 872.200100 1.000000 1.000000 1.000000 1.000001 1.000001 0.000000 1.030453 2.961376 -3.036128 -3.048168 -2.943262 -2.997596 1.052087 -2.278855 0.000000
 0.604000 885.912654 1.000000 1.000000 1.000000 1.000001 1.000001 0.000000 1.049263 2.960632 -3.036356 -3.052350 -2.943981 -2.995297 1.055281 -2.249465 0.000000
 0.605000 906.393889 1.000000 1.000000 1.000000 1.000001 1.000001 0.000000 1.077358 2.960259 -3.035824 -3.056826 -2.945956 -2.994132 1.060905 -2.221508 0.000000
 0.606000 936.081762 1.000000 1.000000 1.000000 1.000001 1.000001 0.000000 1.118082 2.960327 -3.034409 -3.061702 -2.949187 -2.994017 1.068762 -2.194885 0.000000
 0.607000 978.100988 1.000000 1.000000 1.000000 1.000001 1.000001 0.000000 1.175721 2.960785 -3.032067 -3.067008 -2.953597 -2.994790 1.078520 -2.169360 0.000000
 0.608000 1036.158713 1.000000 1.000000 1.000000 1.000001 1.000001 0.000000 1.255362 2.961517 -3.028794 -3.072729 -2.959070 -2.996247 1.089729 -2.144603 0.000000
 0.609000 1113.470840 1.000000 1.000000 1.000000 1.000001 1.000001 0.000000 1.361414 2.962380 -3.024643 -3.078823 -2.965427 -2.998135 1.101829 -2.120177 0.000000
 0.610000 1209.368252 1.000000 1.000001 1.000000 1.000001 1.000001 0.000000 1.492960 2.963221 -3.019687 -3.085209 -2.972492 -3.000182 1.114223 -2.095626 0.000000
 0.611000 1315.307747 1.000000 1.000001 1.000000 1.000001 1.000001 0.000000 1.638282 2.963958 -3.014014 -3.091840 -2.980129 -3.002100 1.126319 -2.070443 0.000000
 0.612000 1415.071490 1.000000 1.000001 1.000000 1.000001 1.000001 0.000000 1.775132 2.964535 -3.007720 -3.098666 -2.988213 -3.003620 1.137532 -2.044133 0.000000
 0.613000 1492.793357 1.000000 1.000001 1.000000 1.000001 1.000001 0.000000 1.881747 2.965009 -3.000876 -3.105677 -2.996652 -3.004486 1.147335 -2.016278 0.000000
 0.614000 1542.333392 1.000000 1.000001 1.000000 1.000001 1.000001 0.000000 1.949703 2.965498 -2.993569 -3.112908 -3.005377 -3.004464 1.155289 -1.986527 0.000000
 0.615000 1567.974471 1.000000 1.000001 1.000000 1.000001 1.000001 0.000000 1.984876 2.966165 -2.985873 -3.120405 -3.014326 -3.003396 1.161056 -1.954623 0.000000
 0.616000 1578.397234 1.000000 1.000001 1.000000 1.000000 1.000001 0.000000 1.999173 2.967190 -2.977896 -3.128220 -3.023410 -3.001161 1.164382 -1.920410 0.000000
 0.617000 1581.229806 1.000000 1.000001 1.000000 1.000000 1.000001 0.000000 2.003059 2.968751 -2.969737 -3.136415 -3.032525 -2.997710 1.165146 -1.883837 0.000000
 0.618000 1581.171830 1.000000 1.000001 1.000000 1.000000 1.000001 0.000000 2.002979 2.970969 -2.961538 3.138175 -3.041538 -2.993089 1.163352 -1.844906 0.000000
 0.619000 1580.437270 1.000000 1.000001 1.000000 1.000000 1.000001 0.000000 2.001971 2.973896 -2.953457 3.129197 -3.050287 -2.987400 1.159127 -1.803649 0.000000
 0.620000 1579.800065 1.000000 1.000001 1.000000 1.000000 1.000001 0.000000 2.001097 2.977507 -2.945656 3.119878 -3.058622 -2.980841 1.152728 -1.760110 0.000000
 0.621000 1579.402335 1.000000 1.000001 1.000000 1.000000 1.000001 0.000000 2.000552 2.981712 -2.938314 3.110275 -3.066396 -2.973649 1.144507 -1.714287 0.000000
 0.622000 1579.189811 1.000000 1.000002 1.000000 1.000000 1.000001 0.000000 2.000260 2.986369 -2.931586 3.100496 -3.073477 -2.966106 1.134890 -1.666109 0.000000
 0.623000 1579.086043 1.000000 1.000002 1.000000 1.000000 1.000001 0.000000 2.000118 2.991297 -2.925588 3.090635 -3.079814 -2.958494 1.124384 -1.615453 0.000000
 0.624000 1579.038065 1.000000 1.000002 1.000000 1.000000 1.000001 0.000000 2.000052 2.996316 -2.920386 3.080803 -3.085400 -2.951116 1.113527 -1.562174 0.000000
 0.625000 1579.016611 1.000000 1.000002 1.000000 1.000000 1.000001 0.000000 2.000023 3.001248 -2.916004 3.071104 -3.090290 -2.944239 1.102834 -1.506177 0.000000
 0.626000 1579.007227 1.000000 1.000002 1.000000 1.000000 1.000001 0.000000 2.000010 3.005959 -2.912397 3.061611 -3.094597 -2.938077 1.092789 -1.447495 0.000000
 0.627000 1579.003189 1.000000 1.000002 1.000000 1.000000 1.000001 0.000000 2.000004 3.010384 -2.909465 3.052357 -3.098467 -2.932767 1.083795 -1.386386 0.000000
 0.628000 1579.001474 1.000000 1.000002 1.000000 1.000000 1.000002 0.000000 2.000002 3.014493 -2.907071 3.043377 -3.102062 -2.928418 1.076191 -1.323426 0.000000
 0.629000 1579.000749 1.000000 1.000002 1.000000 1.000000 1.000002 0.000000 2.000001 3.018351 -2.905014 3.034652 -3.105541 -2.925026 1.070168 -1.259430 0.000000
 0.630000 1579.000442 1.000000 1.000002 1.000000 1.000000 1.000002 0.000000 2.000000 3.022034 -2.903076 3.026151 -3.109047 -2.922527 1.065826 -1.195412 0.000000
 0.631000 1579.000310 1.000000 1.000002 1.000000 1.000000 1.000002 0.000000 2.000000 3.025673 -2.901008 3.017843 -3.112707 -2.920825 1.063170 -1.132377 0.000000
 0.632000 1579.000252 1.000000 1.000002 1.000000 1.000000 1.000002 0.000000 2.000000 3.029383 -2.898589 3.009674 -3.116575 -2.919743 1.062089 -1.071181 0.000000
 0.633000 1579.000225 1.000000 1.000002 1.000000 1.000000 1.000002 0.000000 2.000000 3.033249 -2.895662 3.001615 -3.120664 -2.919096 1.062433 -1.012434 0.000000
 0.634000 1579.000212 1.000000 1.000003 1.000000 1.000000 1.000002 0.000000 2.000000 3.037301 -2.892126 2.993669 -3.124933 -2.918661 1.063962 -0.956353 0.000000
 0.635000 1579.000206 1.000000 1.000003 1.000000 1.000000 1.000002 0.000000 2.000000 3.041532 -2.887983 2.985826 -3.129293 -2.918219 1.066432 -0.902918 0.000000
 0.636000 1579.000204 1.000000 1.000003 1.000000 1.000000 1.000002 0.000000 2.000000 3.045886 -2.883333 2.978125 -3.133616 -2.917572 1.069577 -0.851859 0.000000
 0.637000 1579.000204 1.000000 1.000003 1.000000 1.000000 1.000002 0.000000 2.000000 3.050272 -2.878360 2.970607 -3.137783 -2.916536 1.073143 -0.802784 0.000000
 0.638000 1579.000203 1.000000 1.000003 1.000000 1.000000 1.000002 0.000000 2.000000 3.054617 -2.873300 2.963312 3.141524 -2.914967 1.076867 -0.755263 0.000000
 0.639000 1579.000208 1.000000 1.000003 1.000000 1.000000 1.000002 0.000000 2.000000 3.058863 -2.868406 2.956287 3.138029 -2.912784 1.080517 -0.708905 0.000000
 0.640000 1579.000214 1.000000 1.000004 1.000000 1.000000 1.000002 0.000000 2.000000 3.062970 -2.863956 2.949551 3.135004 -2.909955 1.083887 -0.663386 0.000000
 0.641000 1579.000221 1.000000 1.000004 1.000000 1.000000 1.000002 0.000000 2.000000 3.066972 -2.860147 2.943076 3.132454 -2.906513 1.086851 -0.618492 0.000000
 0.642000 1579.000223 1.000000 1.000004 1.000000 1.000000 1.000002 0.000000 2.000000 3.070915 -2.857140 2.936819 3.130359 -2.902560 1.089332 -0.574038 0.000000
 0.643000 1579.000176 1.000000 1.000004 1.000000 1.000000 1.000002 0.000000 2.000000 3.074873 -2.855001 2.930707 3.128656 -2.898248 1.091354 -0.529906 0.000000
 0.644000 1578.999793 1.000000 1.000004 1.000000 1.000000 1.000002 0.000000 1.999999 3.078933 -2.853738 2.924633 3.127245 -2.893761 1.093013 -0.485958 0.000000
 0.645000 1578.997460 1.000000 1.000004 1.000000 1.000000 1.000003 0.000000 1.999996 3.083152 -2.853290 2.918486 3.126019 -2.889302 1.094484 -0.442038 0.000000
 0.646000 1578.985133 1.000000 1.000004 1.000000 1.000000 1.000003 0.000000 1.999979 3.087546 -2.853559 2.912184 3.124873 -2.885087 1.095996 -0.397992 0.000000
 0.647000 1578.926235 1.000000 1.000004 1.000000 1.000000 1.000003 0.000000 1.999898 3.092089 -2.854440 2.905651 3.123713 -2.881297 1.097753 -0.353606 0.000000
 0.648000 1578.667081 1.000000 1.000004 1.000000 1.000000 1.000003 0.000000 1.999543 3.096730 -2.855824 2.898837 3.122456 -2.878100 1.099972 -0.308744 0.000000
 0.649000 1577.607137 1.000000 1.000004 1.000000 1.000000 1.000003 0.000000 1.998089 3.101328 -2.857637 2.891764 3.121052 -2.875637 1.102800 -0.263366 0.000000
 0.650000 1573.564291 1.000000 1.000004 1.000000 1.000000 1.000003 0.000000 1.992543 3.105698 -2.859820 2.884521 3.119479 -2.874033 1.106272 -0.217519 0.000000
 0.651000 1559.303637 1.000000 1.000004 1.000000 1.000000 1.000003 0.000000 1.972981 3.109632 -2.862330 2.877229 3.117719 -2.873357 1.110355 -0.171439 0.000000
 0.652000 1513.932011 1.000000 1.000004 1.000000 1.000000 1.000003 0.000000 1.910743 3.112912 -2.865140 2.870054 3.115771 -2.873659 1.114920 -0.125500 0.000000
 0.653000 1390.933667 1.000000 1.000003 1.000000 1.000000 1.000003 0.000000 1.742021 3.115331 -2.868206 2.863193 3.113640 -2.874934 1.119761 -0.080106 0.000000
 0.654000 1136.118233 1.000000 1.000003 1.000000 1.000000 1.000003 0.000000 1.392480 3.116748 -2.871475 2.856812 3.111338 -2.877123 1.124643 -0.035574 0.000000
 0.655000 784.132435 1.000000 1.000003 1.000000 1.000000 1.000003 0.000000 0.909646 3.117093 -2.874843 2.851073 3.108874 -2.880114 1.129301 0.007936 0.000000
 0.656000 476.948936 1.000000 1.000003 1.000000 1.000000 1.000003 0.000000 0.488270 3.116380 -2.878197 2.846058 3.106247 -2.883722 1.133493 0.050491 0.000000
 0.657000 290.553928 1.000000 1.000003 1.000000 1.000000 1.000003 0.000000 0.232584 3.114742 -2.881353 2.841805 3.103445 -2.887720 1.137007 0.092335 0.000000
 0.658000 198.034860 1.000000 1.000003 1.000000 1.000000 1.000003 0.000000 0.105672 3.112344 -2.884129 2.838281 3.100444 -2.891843 1.139700 0.133824 0.000000
 0.659000 155.632752 1.000000 1.000003 1.000000 1.000000 1.000002 0.000000 0.047507 3.109411 -2.886329 2.835399 3.097232 -2.895785 1.141443 0.175367 0.000000
 0.660000 136.617597 1.000000 1.000003 1.000000 1.000000 1.000002 0.000000 0.021423 3.106193 -2.887790 2.833021 3.093788 -2.899279 1.142219 0.217316 0.000000
 0.661000 128.087075 1.000000 1.000003 1.000000 1.000000 1.000002 0.000000 0.009721 3.102931 -2.888369 2.830999 3.090097 -2.902089 1.142028 0.259961 0.000000
 0.662000 124.236192 1.000000 1.000003 1.000000 1.000000 1.000002 0.000000 0.004439 3.099847 -2.887995 2.829170 3.086182 -2.904015 1.140923 0.303511 0.000000
 0.663000 122.486432 1.000000 1.000003 1.000000 1.000000 1.000002 0.000000 0.002039 3.097137 -2.886646 2.827423 3.082063 -2.904991 1.138998 0.348089 0.000000
 0.664000 121.686438 1.000000 1.000003 1.000000 1.000000 1.000002 0.000000 0.000941 3.094951 -2.884368 2.825631 3.077792 -2.905000 1.136369 0.393782 0.000010
 0.665000 121.318347 1.000000 1.000003 1.000000 1.000000 1.000002 0.000000 0.000436 3.093422 -2.881244 2.823732 3.073441 -2.904135 1.133177 0.440702 0.001411
 0.666000 121.148041 1.000000 1.000003 1.000000 1.000000 1.000002 0.000000 0.000203 3.092600 -2.877413 2.821685 3.069104 -2.902566 1.129595 0.488997 0.003769
 0.667000 121.068763 1.000000 1.000003 1.000000 1.000000 1.000002 0.000000 0.000094 3.092501 -2.873011 2.819500 3.064864 -2.900531 1.125777 0.539002 0.004627
 0.668000 121.031777 1.000000 1.000003 1.000000 1.000000 1.000002 0.000000 0.000043 3.093090 -2.868212 2.817194 3.060798 -2.898296 1.121897 0.591140 0.004825
 0.669000 121.014559 1.000000 1.000004 1.000000 1.000000 1.000002 0.000000 0.000020 3.094254 -2.863194 2.814801 3.056983 -2.896125 1.118089 0.645975 0.004895
 0.670000 121.006625 1.000000 1.000004 1.000000 1.000000 1.000002 0.000000 0.000009 3.095853 -2.858161 2.812359 3.053467 -2.894274 1.114512 0.704041 0.004995
 0.671000 121.003033 1.000000 1.000004 1.000000 1.000000 1.000002 0.000000 0.000004 3.097709 -2.853337 2.809902 3.050278 -2.892957 1.111255 0.765794 0.005184
 0.672000 121.001445 1.000000 1.000004 1.000000 1.000000 1.000002 0.000000 0.000002 3.099681 -2.848962 2.807439 3.047442 -2.892351 1.108439 0.831370 0.005484
 0.673000 121.000764 1.000000 1.000005 1.000000 1.000000 1.000002 0.000000 0.000001 3.101616 -2.845296 2.804963 3.044980 -2.892596 1.106166 0.900420 0.005870
 0.674000 121.000483 1.000000 1.000005 1.000000 1.000000 1.000002 0.000000 0.000000 3.103352 -2.842604 2.802474 3.042927 -2.893792 1.104522 0.972110 0.006253
 0.675000 121.000382 1.000000 1.000005 1.000000 1.000000 1.000002 0.000000 0.000000 3.104769 -2.841139 2.799937 3.041347 -2.895992 1.103581 1.045163 0.006500
 0.676000 121.000381 1.000000 1.000005 1.000000 1.000000 1.000002 0.000000 0.000000 3.105735 -2.841134 2.797353 3.040312 -2.899247 1.103433 1.118033 0.006513
 0.677000 121.000485 1.000000 1.000005 1.000000 1.000000 1.000002 0.000000 0.000000 3.106113 -2.842781 2.794721 3.039930 -2.903551 1.104160 1.189277 0.006299
 0.678000 121.000782 1.000000 1.000005 1.000000 1.000000 1.000002 0.000000 0.000001 3.105745 -2.846207 2.792080 3.040308 -2.908876 1.105843 1.257776 0.005959
 0.679000 121.001498 1.000000 1.000004 1.000000 1.000000 1.000002 0.000000 0.000002 3.104496 -2.851471 2.789476 3.041560 -2.915127 1.108486 1.322916 0.005616
 0.680000 121.003137 1.000000 1.000004 1.000000 1.000000 1.000002 0.000000 0.000004 3.102256 -2.858523 2.786993 3.043750 -2.922172 1.112102 1.384513 0.005350
 0.681000 121.006783 1.000000 1.000003 1.000000 1.000000 1.000002 0.000000 0.000009 3.098959 -2.867217 2.784743 3.046917 -2.929801 1.116610 1.442732 0.005187
 0.682000 121.014745 1.000000 1.000003 1.000000 1.000000 1.000001 0.000000 0.000020 3.094595 -2.877338 2.782819 3.051009 -2.937760 1.121923 1.497885 0.005114
 0.683000 121.031909 1.000000 1.000003 1.000000 1.000000 1.000001 0.000000 0.000044 3.089225 -2.888607 2.781331 3.055931 -2.945746 1.127861 1.550352 0.005077
 0.684000 121.068590 1.000000 1.000002 1.000000 1.000000 1.000001 0.000000 0.000094 3.082956 -2.900694 2.780364 3.061513 -2.953440 1.134267 1.600474 0.004912
 0.685000 121.146455 1.000000 1.000002 1.000000 1.000000 1.000001 0.000000 0.000201 3.075986 -2.913246 2.779970 3.067509 -2.960543 1.140939 1.648505 0.004063
 0.686000 121.310677 1.000000 1.000002 1.000000 1.000000 1.000001 0.000000 0.000426 3.068558 -2.925914 2.780161 3.073637 -2.966793 1.147706 1.694611 0.001627
 0.687000 121.655059 1.000000 1.000001 1.000000 1.000000 1.000001 0.000000 0.000898 3.060966 -2.938375 2.780910 3.079627 -2.972003 1.154406 1.738936 0.000017
 0.688000 122.373268 1.000000 1.000001 1.000000 1.000000 1.000001 0.000000 0.001884 3.053490 -2.950319 2.782181 3.085213 -2.976096 1.160901 1.781599 0.000000
 0.689000 123.866052 1.000000 1.000001 1.000000 1.000000 1.000001 0.000000 0.003931 3.046430 -2.961495 2.783907 3.090190 -2.979101 1.167060 1.822774 0.000000
 0.690000 126.967325 1.000000 1.000001 1.000000 1.000000 1.000001 0.000000 0.008185 3.040032 -2.971703 2.786020 3.094436 -2.981129 1.172753 1.862693 0.000000
 0.691000 133.431167 1.000000 1.000001 1.000000 1.000000 1.000001 0.000000 0.017052 3.034492 -2.980770 2.788467 3.097903 -2.982382 1.177870 1.901674 0.000000
 0.692000 146.969745 1.000000 1.000001 1.000000 1.000000 1.000001 0.000000 0.035624 3.029937 -2.988598 2.791217 3.100618 -2.983130 1.182285 1.940113 0.000000
 0.693000 175.246019 1.000000 1.000001 1.000000 1.000000 1.000001 0.000000 0.074411 3.026440 -2.995114 2.794241 3.102667 -2.983658 1.185854 1.978419 0.000000
 0.694000 232.536273 1.000000 1.000001 1.000000 1.000000 1.000001 0.000000 0.152999 3.024007 -3.000287 2.797529 3.104173 -2.984250 1.188416 2.017000 0.000000
 0.695000 337.670123 1.000000 1.000001 1.000000 1.000000 1.000001 0.000000 0.297215 3.022617 -3.004101 2.801075 3.105259 -2.985179 1.189833 2.056163 0.000000
 0.696000 492.587443 1.000000 1.000001 1.000000 1.000000 1.000001 0.000000 0.509722 3.022219 -3.006591 2.804857 3.106025 -2.986685 1.190023 2.096091 0.000000
 0.697000 652.829141 1.000000 1.000001 1.000000 1.000000 1.000001 0.000000 0.729532 3.022735 -3.007821 2.808837 3.106564 -2.988960 1.188963 2.136807 0.000000
 0.698000 763.261257 1.000000 1.000001 1.000000 1.000000 1.000001 0.000000 0.881017 3.024092 -3.007925 2.812972 3.106964 -2.992157 1.186722 2.178208 0.000000
 0.699000 817.638462 1.000000 1.000001 1.000000 1.000000 1.000001 0.000000 0.955608 3.026219 -3.007057 2.817176 3.107270 -2.996363 1.183479 2.220108 0.000000
 0.700000 839.159032 1.000000 1.000001 1.000000 1.000000 1.000001 0.000000 0.985129 3.029012 -3.005467 2.821389 3.107568 -3.001614 1.179485 2.262272 0.000000
 0.701000 846.641018 1.000000 1.000001 1.000000 1.000000 1.000001 0.000000 0.995392 3.032365 -3.003400 2.825527 3.107927 -3.007867 1.175066 2.304530 0.000000
 0.702000 849.028639 1.000000 1.000001 1.000000 1.000000 1.000001 0.000000 0.998667 3.036148 -3.001161 2.829527 3.108462 -3.015024 1.170573 2.346809 0.000000
 0.703000 849.738505 1.000000 1.000001 1.000000 1.000000 1.000000 0.000000 0.999641 3.040175 -2.999018 2.833361 3.109289 -3.022927 1.166314 2.389121 0.000000
 0.704000 849.935134 1.000000 1.000001 1.000000 1.000000 1.000000 0.000000 0.999911 3.044217 -2.997240 2.837013 3.110550 -3.031351 1.162563 2.431559 0.000000
 0.705000 849.985435 1.000000 1.000001 1.000000 1.000000 1.000000 0.000000 0.999980 3.048009 -2.996039 2.840511 3.112382 -3.040023 1.159483 2.474264 0.000000
 0.706000 849.997142 1.000000 1.000001 1.000000 1.000000 1.000000 0.000000 0.999996 3.051292 -2.995555 2.843894 3.114905 -3.048643 1.157135 2.517392 0.000000
 0.707000 849.999572 1.000000 1.000001 1.000000 1.000000 1.000000 0.000000 0.999999 3.053794 -2.995879 2.847228 3.118198 -3.056873 1.155519 2.561100 0.000000
 0.708000 850.000009 1.000000 1.000001 1.000000 1.000000 1.000000 0.000000 1.000000 3.055262 -2.997046 2.850595 3.122304 -3.064394 1.154562 2.605491 0.000000
 0.709000 850.000074 1.000000 1.000001 1.000000 1.000000 1.000000 0.000000 1.000000 3.055518 -2.999064 2.854049 3.127198 -3.070879 1.154171 2.650649 0.000000
 0.710000 850.000081 1.000000 1.000001 1.000000 1.000000 1.000000 0.000000 1.000000 3.054439 -3.001929 2.857643 3.132797 -3.076067 1.154284 2.696586 0.000000
 0.711000 850.000082 1.000000 1.000001 1.000000 1.000000 1.000000 0.000000 1.000000 3.051999 -3.005599 2.861389 3.138940 -3.079746 1.154861 2.743267 0.000000
 0.712000 850.000085 1.000000 1.000001 1.000000 1.000000 1.000000 0.000000 1.000000 3.048259 -3.010038 2.865274 -3.137752 -3.081800 1.155943 2.790640 0.000000
 0.713000 850.000086 1.000000 1.000001 1.000000 1.000000 1.000000 0.000000 1.000000 3.043339 -3.015192 2.869270 -3.131097 -3.082215 1.157594 2.838656 0.000000
 0.714000 850.000088 1.000000 1.000000 1.000000 1.000000 1.000000 0.000000 1.000000 3.037451 -3.020950 2.873319 -3.124505 -3.081085 1.159937 2.887296 0.000000
 0.715000 850.000090 1.000000 1.000000 1.000000 1.000000 1.000000 0.000000 1.000000 3.030810 -3.027146 2.877386 -3.118162 -3.078630 1.163110 2.936619 0.000000
 0.716000 850.000094 1.000000 1.000000 1.000000 1.000000 1.000000 0.000000 1.000000 3.023624 -3.033621 2.881466 -3.112176 -3.075161 1.167245 2.986807 0.000000
 0.717000 850.000099 1.000000 1.000000 1.000000 1.000000 1.000000 0.000000 1.000000 3.016069 -3.040151 2.885593 -3.106626 -3.071093 1.172440 3.038083 0.000000
 0.718000 850.000105 1.000000 1.000000 1.000000 1.000000 1.000000 0.000000 1.000000 3.008297 -3.046525 2.889841 -3.101512 -3.066876 1.178739 3.090775 0.000000
 0.719000 850.000203 1.000000 1.000000 1.000000 1.000000 1.000000 0.000000 1.000000 3.000399 -3.052558 2.894322 -3.096759 -3.062977 1.186099 -3.137999 0.000000
 0.720000 850.000295 1.000000 1.000000 1.000000 1.000000 1.000000 0.000000 1.000000 2.992462 -3.058080 2.899145 -3.092270 -3.059823 1.194397 -3.081705 0.000000
 0.721000 850.000480 1.000000 1.000000 1.000000 1.000000 1.000000 0.000000 1.000000 2.984556 -3.063016 2.904387 -3.087897 -3.057787 1.203427 -3.023588 0.000000
 0.722000 850.000871 1.000000 1.000000 1.000000 1.000000 1.000000 0.000000 1.000001 2.976765 -3.067324 2.910094 -3.083526 -3.057178 1.212979 -2.964005 0.000000
 0.723000 850.001726 1.000000 1.000000 1.000000 1.000000 1.000000 0.000001 1.000002 2.969181 -3.071059 2.916261 -3.079013 -3.058183 1.222770 -2.903650 0.000000
 0.724000 850.003635 1.000000 1.000000 1.000000 1.000000 1.000000 0.000001 1.000005 2.961892 -3.074342 2.922827 -3.074239 -3.060882 1.232518 -2.843434 0.000000
 0.725000 850.007916 1.000000 1.000000 1.000000 1.000000 1.000000 0.000001 1.000011 2.954970 -3.077363 2.929687 -3.069091 -3.065270 1.241943 -2.784376 0.000000
 0.726000 850.017419 1.000000 1.000000 1.000000 1.000000 1.000000 0.000001 1.000024 2.948499 -3.080326 2.936727 -3.063498 -3.071263 1.250809 -2.727369 0.000000
 0.727000 850.038088 1.000000 1.000000 1.000000 1.000000 1.000000 0.000001 1.000052 2.942529 -3.083452 2.943830 -3.057383 -3.078685 1.258896 -2.673077 0.000000
 0.728000 850.081827 1.000000 1.000000 1.000000 1.000000 1.000000 0.000001 1.000112 2.937103 -3.086922 2.950910 -3.050682 -3.087317 1.265969 -2.621873 0.000000
 0.729000 850.171725 1.000000 1.000000 1.000000 1.000000 1.000000 0.000001 1.000235 2.932255 -3.090854 2.957938 -3.043352 -3.096900 1.271837 -2.573800 0.000000
 0.730000 850.351143 1.000000 1.000000 1.000000 1.000000 1.000000 0.000001 1.000481 2.928028 -3.095305 2.964907 -3.035353 -3.107139 1.276316 -2.528696 0.000000
 0.731000 850.699911 1.000000 1.000000 1.000000 1.000000 1.000000 0.000001 1.000960 2.924446 -3.100227 2.971874 -3.026693 -3.117730 1.279248 -2.486203 0.000000
 0.732000 851.362666 1.000000 1.000000 1.000000 1.000001 1.000000 0.000001 1.001869 2.921540 -3.105556 2.978903 -3.017389 -3.128349 1.280491 -2.445873 0.000000
 0.733000 852.601796 1.000000 1.000000 1.000000 1.000001 1.000000 0.000001 1.003569 2.919335 -3.111191 2.986069 -3.007506 -3.138687 1.279923 -2.407162 0.000000
 0.734000 854.895342 1.000000 1.000000 1.000000 1.000001 1.000000 0.000001 1.006715 2.917863 -3.117040 2.993437 -2.997142 3.134736 1.277476 -2.369516 0.000000
 0.735000 859.126320 1.000000 1.000000 1.000000 1.000001 1.000000 0.000001 1.012519 2.917159 -3.123023 3.001007 -2.986457 3.125827 1.273147 -2.332371 0.000000
 0.736000 866.944128 1.000000 1.000000 1.000000 1.000001 1.000000 0.000001 1.023243 2.917228 -3.129104 3.008737 -2.975620 3.117973 1.266986 -2.295213 0.000000
 0.737000 881.461821 1.000000 1.000000 1.000000 1.000001 1.000000 0.000001 1.043157 2.918085 -3.135270 3.016534 -2.964851 3.111282 1.259140 -2.257589 0.000000
 0.738000 908.572537 1.000000 1.000000 1.000000 1.000001 1.000000 0.000001 1.080346 2.919697 -3.141512 3.024269 -2.954371 3.105748 1.249886 -2.219140 0.000000
 0.739000 959.252412 1.000000 1.000000 1.000000 1.000001 1.000000 0.000001 1.149866 2.922005 3.135398 3.031809 -2.944416 3.101220 1.239590 -2.179652 0.000000
 0.740000 1052.016185 1.000000 1.000000 1.000000 1.000001 1.000000 0.000001 1.277114 2.924922 3.129183 3.039023 -2.935218 3.097422 1.228780 -2.139022 0.000000
 0.741000 1202.557443 1.000000 1.000000 1.000000 1.000002 1.000000 0.000000 1.483618 2.928316 3.123179 3.045810 -2.926970 3.093958 1.218083 -2.097267 0.000000
 0.742000 1378.296087 1.000000 1.000000 1.000000 1.000002 1.000000 0.000000 1.724686 2.932010 3.117621 3.052153 -2.919817 3.090379 1.208190 -2.054491 0.000000
 0.743000 1504.172062 1.000000 1.000000 1.000000 1.000002 1.000000 0.000000 1.897355 2.935810 3.112796 3.058102 -2.913876 3.086185 1.199863 -2.010875 0.000000
 0.744000 1560.806699 1.000000 1.000000 1.000000 1.000002 1.000000 0.000000 1.975043 2.939523 3.109013 3.063756 -2.909199 3.080890 1.193809 -1.966597 0.000000
 0.745000 1578.165039 1.000000 1.000000 1.000000 1.000002 1.000000 0.000000 1.998854 2.942949 3.106540 3.069251 -2.905786 3.074086 1.190672 -1.921839 0.000000
 0.746000 1581.344277 1.000000 1.000000 1.000000 1.000002 1.000000 0.000000 2.003216 2.945936 3.105607 3.074723 -2.903592 3.065459 1.190894 -1.876753 0.000000
 0.747000 1580.944759 1.000000 1.000000 1.000000 1.000002 1.000000 0.000000 2.002668 2.948358 3.106327 3.080298 -2.902541 3.054807 1.194728 -1.831465 0.000000
 0.748000 1580.148545 1.000000 1.000000 1.000000 1.000002 1.000000 0.000000 2.001575 2.950139 3.108670 3.086047 -2.902525 3.042064 1.202174 -1.786093 0.000000
 0.749000 1579.601595 1.000000 1.000000 1.000000 1.000002 1.000000 0.000000 2.000825 2.951234 3.112445 3.091979 -2.903409 3.027328 1.212983 -1.740729 0.000000
 0.750000 1579.300409 1.000000 1.000000 1.000000 1.000002 1.000000 0.000001 2.000412 2.951617 3.117307 3.098056 -2.905043 3.010831 1.226659 -1.695440 0.000000
 0.751000 1579.148141 1.000000 1.000000 1.000000 1.000002 1.000000 0.000001 2.000203 2.951299 3.122745 3.104180 -2.907255 2.992939 1.242581 -1.650265 0.000000
 0.752000 1579.073509 1.000000 1.000000 1.000000 1.000002 1.000000 0.000001 2.000100 2.950275 3.128202 3.110259 -2.909855 2.974116 1.260021 -1.605190 0.000000
 0.753000 1579.037053 1.000000 1.000000 1.000000 1.000002 1.000000 0.000001 2.000050 2.948553 3.133131 3.116204 -2.912635 2.954888 1.278214 -1.560133 0.000000
 0.754000 1579.019081 1.000000 1.000000 1.000000 1.000002 1.000000 0.000001 2.000026 2.946158 3.137094 3.121980 -2.915352 2.935796 1.296404 -1.514979 0.000000
 0.755000 1579.010105 1.000000 1.000000 1.000000 1.000002 1.000000 0.000002 2.000013 2.943152 3.139785 3.127607 -2.917762 2.917323 1.313892 -1.469573 0.000000
 0.756000 1579.005576 1.000000 1.000000 1.000000 1.000002 1.000000 0.000002 2.000007 2.939638 3.141054 3.133154 -2.919603 2.899910 1.330064 -1.423755 0.000000
 0.757000 1579.003285 1.000000 1.000000 1.000000 1.000002 1.000000 0.000002 2.000004 2.935762 3.140882 3.138733 -2.920640 2.883889 1.344366 -1.377353 0.000000
 0.758000 1579.002135 1.000000 1.000000 1.000000 1.000002 1.000000 0.000003 2.000002 2.931664 3.139305 -3.138703 -2.920654 2.869523 1.356374 -1.330234 0.000000
 0.759000 1579.001566 1.000000 1.000000 1.000000 1.000002 1.000000 0.000003 2.000001 2.927516 3.136405 -3.132665 -2.919486 2.856960 1.365742 -1.282279 0.000000
 0.760000 1579.001286 1.000000 1.000000 1.000000 1.000002 1.000000 0.000003 2.000001 2.923457 3.132240 -3.126284 -2.917031 2.846301 1.372202 -1.233389 0.000000
 0.761000 1579.001140 1.000000 1.000000 1.000000 1.000002 1.000000 0.000004 2.000000 2.919608 3.126836 -3.119562 -2.913265 2.837555 1.375601 -1.183478 0.000000
 0.762000 1579.001046 1.000000 1.000000 1.000000 1.000002 1.000000 0.000004 2.000000 2.916085 3.120210 -3.112579 -2.908222 2.830670 1.375884 -1.132483 0.000000
 0.763000 1579.000965 1.000000 1.000000 1.000000 1.000002 1.000000 0.000003 2.000000 2.912970 3.112393 -3.105479 -2.902023 2.825494 1.373101 -1.080347 0.000000
 0.764000 1579.000879 1.000000 1.000000 1.000000 1.000002 1.000000 0.000003 2.000000 2.910346 3.103444 -3.098437 -2.894816 2.821799 1.367424 -1.026957 0.000000
 0.765000 1579.000789 1.000000 1.000000 1.000000 1.000003 1.000000 0.000003 2.000000 2.908276 3.093495 -3.091647 -2.886814 2.819263 1.359176 -0.972205 0.000000
 0.766000 1579.000699 1.000000 1.000000 1.000000 1.000003 1.000000 0.000002 2.000000 2.906806 3.082776 -3.085280 -2.878256 2.817506 1.348790 -0.915975 0.000000
 0.767000 1579.000615 1.000000 1.000000 1.000000 1.000003 1.000000 0.000002 2.000000 2.905972 3.071594 -3.079447 -2.869391 2.816065 1.336820 -0.858155 0.000000
 0.768000 1579.000543 1.000000 1.000000 1.000000 1.000004 1.000000 0.000002 2.000000 2.905764 3.060320 -3.074213 -2.860476 2.814465 1.323912 -0.798757 0.000000
 0.769000 1579.000486 1.000000 1.000000 1.000000 1.000004 1.000000 0.000002 2.000000 2.906139 3.049355 -3.069552 -2.851739 2.812239 1.310712 -0.737932 0.000000
 0.770000 1579.000442 1.000000 1.000000 1.000000 1.000005 1.000000 0.000001 2.000000 2.907023 3.039077 -3.065418 -2.843406 2.808958 1.297862 -0.676039 0.000000
 0.771000 1579.000411 1.000000 1.000000 1.000000 1.000005 1.000000 0.000001 2.000000 2.908342 3.029797 -3.061731 -2.835642 2.804298 1.285887 -0.613657 0.000000
 0.772000 1579.000369 1.000000 1.000000 1.000000 1.000006 1.000000 0.000001 2.000000 2.910023 3.021777 -3.058386 -2.828624 2.798020 1.275235 -0.551589 0.000000
 0.773000 1579.000005 1.000000 1.000000 1.000000 1.000006 1.000000 0.000001 1.999999 2.912055 3.015160 -3.055328 -2.822487 2.790023 1.266177 -0.490649 0.000000
 0.774000 1578.996140 1.000000 1.000000 1.000000 1.000007 1.000000 0.000001 1.999994 2.914458 3.010016 -3.052514 -2.817366 2.780341 1.258853 -0.431558 0.000000
 0.775000 1578.965248 1.000000 1.000000 1.000000 1.000007 1.000000 0.000001 1.999952 2.917295 3.006261 -3.049958 -2.813362 2.769128 1.253297 -0.374830 0.000000
 0.776000 1578.775259 1.000000 1.000000 1.000000 1.000007 1.000000 0.000001 1.999691 2.920669 3.003745 -3.047715 -2.810572 2.756688 1.249445 -0.320716 0.000000
 0.777000 1577.836715 1.000000 1.000000 1.000000 1.000008 1.000000 0.000001 1.998404 2.924701 3.002230 -3.045877 -2.809067 2.743411 1.247202 -0.269228 0.000000
 0.778000 1573.970881 1.000000 1.000000 1.000000 1.000008 1.000000 0.000001 1.993101 2.929464 3.001416 -3.044547 -2.808892 2.729730 1.246473 -0.220212 0.000000
 0.779000 1560.356314 1.000000 1.000000 1.000000 1.000007 1.000000 0.000001 1.974425 2.934980 3.001016 -3.043786 -2.810037 2.716120 1.247178 -0.173467 0.000000
 0.780000 1519.028135 1.000000 1.000000 1.000000 1.000007 1.000000 0.000001 1.917734 2.941205 3.000785 -3.043626 -2.812455 2.703053 1.249245 -0.128766 0.000000
 0.781000 1413.644198 1.000000 1.000000 1.000000 1.000007 1.000000 0.000001 1.773174 2.948023 3.000543 -3.044028 -2.816028 2.690927 1.252646 -0.085989 0.000000
 0.782000 1202.241169 1.000000 1.000000 1.000000 1.000006 1.000000 0.000001 1.483184 2.955247 3.000222 -3.044865 -2.820584 2.680105 1.257292 -0.045005 0.000000
 0.783000 898.342122 1.000000 1.000000 1.000000 1.000006 1.000000 0.000001 1.066312 2.962672 2.999775 -3.046001 -2.825901 2.670841 1.263133 -0.005779 0.000000
 0.784000 599.335460 1.000000 1.000000 1.000000 1.000006 1.000000 0.000001 0.656152 2.970067 2.999187 -3.047273 -2.831726 2.663323 1.270054 0.031752 0.000000
 0.785000 386.348326 1.000000 1.000000 1.000000 1.000005 1.000000 0.000001 0.363989 2.977238 2.998470 -3.048546 -2.837805 2.657629 1.277915 0.067673 0.000000
 0.786000 262.095925 1.000000 1.000000 1.000000 1.000005 1.000000 0.000001 0.193547 2.984032 2.997546 -3.049772 -2.843870 2.653774 1.286534 0.102138 0.000000
 0.787000 195.632505 1.000000 1.000000 1.000000 1.000004 1.000000 0.000001 0.102376 2.990313 2.996325 -3.050946 -2.849691 2.651702 1.295649 0.135469 0.000000
 0.788000 160.812142 1.000000 1.000000 1.000000 1.000004 1.000000 0.000001 0.054611 2.996002 2.994681 -3.052157 -2.855084 2.651257 1.305030 0.168103 0.000000
 0.789000 142.396098 1.000000 1.000000 1.000000 1.000004 1.000000 0.000002 0.029349 3.001041 2.992458 -3.053558 -2.859899 2.652252 1.314399 0.200629 0.000000
 0.790000 132.480028 1.000000 1.000000 1.000000 1.000004 1.000000 0.000002 0.015747 3.005429 2.989567 -3.055333 -2.864071 2.654431 1.323506 0.233791 0.000000
 0.791000 127.084747 1.000000 1.000000 1.000000 1.000003 1.000000 0.000002 0.008346 3.009226 2.986030 -3.057618 -2.867574 2.657488 1.332093 0.268334 0.000000
 0.792000 124.151429 1.000000 1.000000 1.000000 1.000003 1.000000 0.000002 0.004322 3.012514 2.981938 -3.060535 -2.870428 2.661110 1.339906 0.305016 0.000000
 0.793000 122.583461 1.000000 1.000000 1.000000 1.000003 1.000000 0.000002 0.002171 3.015430 2.977511 -3.064143 -2.872720 2.664971 1.346723 0.344430 0.000000
 0.794000 121.770818 1.000000 1.000000 1.000000 1.000003 1.000000 0.000003 0.001056 3.018134 2.973036 -3.068427 -2.874551 2.668754 1.352348 0.386870 0.000000
 0.795000 121.365393 1.000000 1.000000 1.000000 1.000003 1.000000 0.000003 0.000500 3.020779 2.968828 -3.073305 -2.876032 2.672194 1.356607 0.432262 0.001366
 0.796000 121.170496 1.000000 1.000000 1.000000 1.000003 1.000000 0.000003 0.000233 3.023515 2.965204 -3.078640 -2.877301 2.675088 1.359375 0.480175 0.005035
 0.797000 121.079373 1.000000 1.000000 1.000000 1.000003 1.000000 0.000003 0.000108 3.026498 2.962452 -3.084270 -2.878488 2.677283 1.360560 0.529975 0.006702
 0.798000 121.037392 1.000000 1.000000 1.000000 1.000003 1.000000 0.000003 0.000050 3.029884 2.960796 -3.090021 -2.879718 2.678743 1.360112 0.580986 0.007166
 0.799000 121.018058 1.000000 1.000000 1.000000 1.000003 1.000000 0.000003 0.000024 3.033822 2.960369 -3.095744 -2.881123 2.679511 1.358055 0.632667 0.007346
 0.800000 121.009043 1.000000 1.000000 1.000000 1.000003 1.000000 0.000003 0.000011 3.038464 2.961217 -3.101326 -2.882835 2.679736 1.354455 0.684746 0.007509
 0.801000 121.004750 1.000000 1.000000 1.000000 1.000003 1.000000 0.000003 0.000006 3.043931 2.963279 -3.106718 -2.884963 2.679647 1.349411 0.737185 0.007724
 0.802000 121.002652 1.000000 1.000000 1.000000 1.000003 1.000000 0.000002 0.000003 3.050298 2.966413 -3.111940 -2.887609 2.679546 1.343098 0.790099 0.008010
 0.803000 121.001595 1.000000 1.000000 1.000000 1.000003 1.000000 0.000002 0.000001 3.057571 2.970432 -3.117050 -2.890863 2.679751 1.335723 0.843655 0.008365
 0.804000 121.001044 1.000000 1.000000 1.000000 1.000002 1.000000 0.000002 0.000001 3.065684 2.975137 -3.122145 -2.894780 2.680575 1.327543 0.897933 0.008764
 0.805000 121.000748 1.000000 1.000000 1.000000 1.000002 1.000000 0.000002 0.000000 3.074526 2.980339 -3.127320 -2.899353 2.682283 1.318837 0.952899 0.009160
 0.806000 121.000586 1.000000 1.000000 1.000000 1.000002 1.000000 0.000001 0.000000 3.083901 2.985895 -3.132630 -2.904548 2.685056 1.309961 1.008337 0.009494
 0.807000 121.000503 1.000000 1.000000 1.000000 1.000002 1.000000 0.000001 0.000000 3.093616 2.991728 -3.138083 -2.910284 2.688967 1.301264 1.063882 0.009710
 0.808000 121.000481 1.000000 1.000000 1.000000 1.000002 1.000000 0.000001 0.000000 3.103408 2.997763 3.139569 -2.916417 2.693984 1.293167 1.119098 0.009779
 0.809000 121.000527 1.000000 1.000000 1.000000 1.000002 1.000000 0.000001 0.000000 3.113042 3.003973 3.134056 -2.922781 2.699991 1.286025 1.173545 0.009710
 0.810000 121.000676 1.000000 1.000000 1.000000 1.000002 1.000000 0.000001 0.000001 3.122272 3.010279 3.128697 -2.929161 2.706793 1.280187 1.226900 0.009541
 0.811000 121.001006 1.000000 1.000000 1.000000 1.000001 1.000000 0.000001 0.000001 3.130924 3.016574 3.123602 -2.935337 2.714169 1.275913 1.279052 0.009325
 0.812000 121.001683 1.000000 1.000000 1.000000 1.000001 1.000000 0.000001 0.000002 3.138883 3.022660 3.118811 -2.941105 2.721885 1.273365 1.330176 0.009109
 0.813000 121.003053 1.000000 1.000000 1.000000 1.000001 1.000000 0.000001 0.000004 -3.137065 3.028272 3.114280 -2.946296 2.729717 1.272600 1.380701 0.008922
 0.814000 121.005882 1.000000 1.000000 1.000000 1.000001 1.000000 0.000001 0.000008 -3.130505 3.033098 3.109891 -2.950784 2.737485 1.273500 1.431312 0.008778
 0.815000 121.011967 1.000000 1.000000 1.000000 1.000001 1.000000 0.000001 0.000016 -3.124532 3.036779 3.105430 -2.954519 2.745040 1.275854 1.482774 0.008672
 0.816000 121.025801 1.000000 1.000000 1.000000 1.000001 1.000000 0.000001 0.000035 -3.119016 3.038996 3.100637 -2.957529 2.752276 1.279349 1.535819 0.008563
 0.817000 121.059301 1.000000 1.000000 1.000000 1.000001 1.000000 0.000001 0.000081 -3.113821 3.039510 3.095273 -2.959913 2.759102 1.283608 1.590928 0.008245
 0.818000 121.145604 1.000000 1.000000 1.000000 1.000001 1.000000 0.000001 0.000199 -3.108855 3.038158 3.089120 -2.961821 2.765445 1.288283 1.648074 0.006614
 0.819000 121.380540 1.000000 1.000000 1.000000 1.000001 1.000000 0.000001 0.000522 -3.104085 3.034917 3.082065 -2.963467 2.771223 1.293099 1.706771 0.001413
 0.820000 122.046409 1.000000 1.000000 1.000000 1.000001 1.000000 0.000001 0.001435 -3.099548 3.029888 3.074091 -2.965081 2.776338 1.297893 1.766070 0.000000
 0.821000 123.974906 1.000000 1.000000 1.000000 1.000001 1.000000 0.000001 0.004080 -3.095333 3.023264 3.065270 -2.966891 2.780716 1.302590 1.824825 0.000000
 0.822000 129.566182 1.000000 1.000000 1.000000 1.000001 1.000000 0.000001 0.011750 -3.091581 3.015350 3.055793 -2.969109 2.784257 1.307262 1.882001 0.000000
 0.823000 145.399723 1.000000 1.000000 1.000000 1.000001 1.000000 0.000002 0.033470 -3.088427 3.006509 3.045866 -2.971911 2.786944 1.312033 1.936874 0.000000
 0.824000 187.529060 1.000000 1.000000 1.000000 1.000001 1.000000 0.000002 0.091260 -3.085977 2.997163 3.035763 -2.975430 2.788773 1.317024 1.989152 0.000000
 0.825000 284.789277 1.000000 1.000000 1.000000 1.000001 1.000000 0.000002 0.224676 -3.084251 2.987724 3.025722 -2.979743 2.789833 1.322336 2.038931 0.000000
 0.826000 453.016541 1.000000 1.000000 1.000000 1.000001 1.000000 0.000002 0.455440 -3.083205 2.978592 3.015944 -2.984901 2.790269 1.327998 2.086568 0.000000
 0.827000 638.070117 1.000000 1.000000 1.000000 1.000001 1.000000 0.000002 0.709286 -3.082703 2.970110 3.006581 -2.990917 2.790274 1.333986 2.132598 0.000000
 0.828000 762.088788 1.000000 1.000000 1.000000 1.000001 1.000000 0.000002 0.879408 -3.082514 2.962534 2.997678 -2.997778 2.790088 1.340226 2.177596 0.000000
 0.829000 819.239304 1.000000 1.000000 1.000000 1.000001 1.000000 0.000002 0.957803 -3.082382 2.956076 2.989229 -3.005426 2.789957 1.346612 2.222142 0.000000
 0.830000 840.386301 1.000000 1.000000 1.000000 1.000001 1.000000 0.000003 0.986812 -3.082023 2.950921 2.981190 -3.013791 2.790083 1.353031 2.266723 0.000000
 0.831000 847.270375 1.000000 1.000000 1.000000 1.000000 1.000000 0.000003 0.996255 -3.081185 2.947250 2.973510 -3.022741 2.790633 1.359368 2.311757 0.000000
 0.832000 849.299786 1.000000 1.000000 1.000000 1.000000 1.000000 0.000003 0.999038 -3.079647 2.945226 2.966126 -3.032128 2.791702 1.365517 2.357555 0.000000
 0.833000 849.840885 1.000000 1.000000 1.000000 1.000000 1.000000 0.000003 0.999781 -3.077258 2.945062 2.959043 -3.041762 2.793289 1.371376 2.404394 0.000000
 0.834000 849.969291 1.000000 1.000000 1.000000 1.000000 1.000000 0.000004 0.999957 -3.073925 2.946972 2.952318 -3.051442 2.795321 1.376850 2.452564 0.000000
 0.835000 849.995749 1.000000 1.000000 1.000000 1.000000 1.000000 0.000004 0.999993 -3.069627 2.951130 2.946068 -3.060955 2.797640 1.381801 2.502450 0.000000
 0.836000 850.000333 1.000000 1.000000 1.000000 1.000000 1.000000 0.000004 0.999999 -3.064371 2.957634 2.940440 -3.070097 2.800023 1.386102 2.554532 0.000000
 0.837000 850.000994 1.000000 1.000000 1.000000 1.000000 1.000000 0.000004 1.000000 -3.058244 2.966463 2.935599 -3.078674 2.802238 1.389606 2.609396 0.000000
 0.838000 850.001092 1.000000 1.000000 1.000000 1.000000 1.000000 0.000004 1.000000 -3.051333 2.977418 2.931651 -3.086524 2.804030 1.392181 2.667714 0.000000
 0.839000 850.001118 1.000000 1.000000 1.000000 1.000000 1.000000 0.000005 1.000000 -3.043768 2.990151 2.928665 -3.093517 2.805176 1.393685 2.730088 0.000000
 0.840000 850.001123 1.000000 1.000000 1.000000 1.000000 1.000000 0.000005 1.000000 -3.035689 3.004181 2.926618 -3.099560 2.805527 1.394020 2.796896 0.000000
 0.841000 850.001110 1.000000 1.000000 1.000000 1.000000 1.000000 0.000005 1.000000 -3.027178 3.018968 2.925389 -3.104626 2.804988 1.393171 2.868067 0.000000
 0.842000 850.001080 1.000001 1.000000 1.000000 1.000000 1.000000 0.000004 1.000000 -3.018306 3.033976 2.924783 -3.108738 2.803572 1.391198 2.942905 0.000000
 0.843000 850.001037 1.000001 1.000000 1.000000 1.000000 1.000000 0.000004 1.000000 -3.009054 3.048732 2.924539 -3.111959 2.801376 1.388246 3.020084 0.000000
 0.844000 850.000987 1.000001 1.000000 1.000000 1.000000 1.000000 0.000004 1.000000 -2.999350 3.062883 2.924373 -3.114429 2.798559 1.384551 3.097820 0.000000
 0.845000 850.001059 1.000001 1.000000 1.000000 1.000000 1.000000 0.000004 1.000000 -2.989130 3.076194 2.924028 -3.116305 2.795339 1.380370 -3.108904 0.000000
 0.846000 850.001182 1.000001 1.000000 1.000000 1.000000 1.000000 0.000004 1.000000 -2.978331 3.088563 2.923286 -3.117793 2.791994 1.375937 -3.035222 0.000000
 0.847000 850.001545 1.000001 1.000000 1.000000 1.000000 1.000000 0.000003 1.000001 -2.966954 3.099982 2.921996 -3.119119 2.788807 1.371468 -2.965208 0.000000
 0.848000 850.002445 1.000001 1.000000 1.000000 1.000000 1.000000 0.000003 1.000002 -2.955086 3.110509 2.920055 -3.120505 2.786098 1.367108 -2.899117 0.000000
 0.849000 850.004528 1.000001 1.000000 1.000000 1.000000 1.000000 0.000003 1.000005 -2.942913 3.120209 2.917432 -3.122165 2.784143 1.362925 -2.836726 0.000000
 0.850000 850.009199 1.000002 1.000000 1.000000 1.000000 1.000000 0.000003 1.000012 -2.930721 3.129167 2.914118 -3.124314 2.783207 1.358930 -2.777521 0.000000
 0.851000 850.019559 1.000002 1.000000 1.000000 1.000000 1.000000 0.000003 1.000026 -2.918858 3.137450 2.910150 -3.127127 2.783470 1.355103 -2.720872 0.000000
 0.852000 850.042546 1.000002 1.000000 1.000000 1.000000 1.000000 0.000003 1.000057 -2.907651 -3.138110 2.905512 -3.130757 2.785067 1.351427 -2.666216 0.000000
 0.853000 850.093930 1.000002 1.000000 1.000000 1.000000 1.000000 0.000002 1.000128 -2.897403 -3.131162 2.900187 -3.135287 2.788067 1.347846 -2.613072 0.000000
 0.854000 850.209981 1.000003 1.000000 1.000000 1.000000 1.000000 0.000002 1.000287 -2.888297 -3.124920 2.894148 -3.140761 2.792431 1.344343 -2.561097 0.000000
 0.855000 850.474823 1.000003 1.000000 1.000000 1.000000 1.000000 0.000002 1.000651 -2.880394 -3.119448 2.887322 3.136024 2.798076 1.340914 -2.510035 0.000000
 0.856000 851.084166 1.000003 1.000000 1.000000 1.000000 1.000000 0.000002 1.001486 -2.873662 -3.114808 2.879660 3.128782 2.804853 1.337497 -2.459662 0.000000
 0.857000 852.490563 1.000003 1.000000 1.000000 1.000000 1.000000 0.000002 1.003416 -2.868010 -3.111015 2.871127 3.120801 2.812567 1.334069 -2.409774 0.000000
 0.858000 855.737181 1.000004 1.000000 1.000000 1.000000 1.000000 0.000002 1.007869 -2.863325 -3.108065 2.861752 3.112261 2.820989 1.330549 -2.360068 0.000000
 0.859000 863.215164 1.000004 1.000000 1.000000 1.000000 1.000000 0.000002 1.018127 -2.859495 -3.105911 2.851621 3.103358 2.829844 1.326857 -2.310185 0.000000
 0.860000 880.423408 1.000004 1.000000 1.000000 1.000000 1.000000 0.000002 1.041732 -2.856450 -3.104433 2.840891 3.094248 2.838849 1.322968 -2.259645 0.000000
 0.861000 920.053379 1.000004 1.000000 1.000000 1.000000 1.000000 0.000002 1.096095 -2.854176 -3.103447 2.829814 3.085095 2.847679 1.318901 -2.207912 0.000000
 0.862000 1011.007214 1.000004 1.000000 1.000000 1.000000 1.000000 0.000002 1.220860 -2.852664 -3.102717 2.818671 3.076028 2.856041 1.314734 -2.154341 0.000000
 0.863000 1198.242689 1.000004 1.000000 1.000000 1.000000 1.000000 0.000002 1.477699 -2.851923 -3.102017 2.807772 3.067159 2.863660 1.310618 -2.098312 0.000000
 0.864000 1430.893083 1.000004 1.000000 1.000000 1.000000 1.000000 0.000001 1.796835 -2.851957 -3.101122 2.797435 3.058595 2.870307 1.306745 -2.039286 0.000000
 0.865000 1552.400694 1.000004 1.000000 1.000000 1.000000 1.000000 0.000001 1.963512 -2.852769 -3.099898 2.787942 3.050452 2.875813 1.303333 -1.976936 0.000000
 0.866000 1579.597922 1.000004 1.000000 1.000000 1.000000 1.000000 0.000001 2.000820 -2.854314 -3.098282 2.779500 3.042842 2.880109 1.300571 -1.911343 0.000000
 0.867000 1581.142698 1.000004 1.000000 1.000000 1.000000 1.000000 0.000001 2.002939 -2.856567 -3.096298 2.772272 3.035882 2.883208 1.298579 -1.843021 0.000000
 0.868000 1579.960437 1.000004 1.000000 1.000000 1.000000 1.000000 0.000001 2.001317 -2.859485 -3.094050 2.766335 3.029727 2.885226 1.297330 -1.772968 0.000000
 0.869000 1579.335056 1.000004 1.000000 1.000000 1.000000 1.000000 0.000001 2.000459 -2.863014 -3.091693 2.761721 3.024509 2.886352 1.296647 -1.702431 0.000000
 0.870000 1579.112540 1.000003 1.000000 1.000000 1.000000 1.000000 0.000001 2.000154 -2.867045 -3.089349 2.758396 3.020352 2.886851 1.296230 -1.632619 0.000000
 0.871000 1579.039491 1.000003 1.000000 1.000000 1.000000 1.000000 0.000001 2.000054 -2.871440 -3.087071 2.756313 3.017354 2.887030 1.295612 -1.564352 0.000000
 0.872000 1579.014910 1.000003 1.000000 1.000000 1.000000 1.000000 0.000001 2.000020 -2.875990 -3.084821 2.755390 3.015573 2.887216 1.294275 -1.498058 0.000000
 0.873000 1579.006099 1.000003 1.000000 1.000000 1.000000 1.000000 0.000001 2.000008 -2.880441 -3.082445 2.755558 3.015016 2.887717 1.291677 -1.433649 0.000000
 0.874000 1579.002714 1.000003 1.000000 1.000000 1.000000 1.000000 0.000001 2.000003 -2.884526 -3.079703 2.756752 3.015610 2.888804 1.287326 -1.370776 0.000000
 0.875000 1579.001323 1.000003 1.000000 1.000000 1.000000 1.000000 0.000001 2.000001 -2.888020 -3.076297 2.758917 3.017187 2.890675 1.280849 -1.308921 0.000000
 0.876000 1579.000712 1.000003 1.000000 1.000000 1.000000 1.000000 0.000001 2.000001 -2.890771 -3.071939 2.762043 3.019523 2.893438 1.271993 -1.247518 0.000000
 0.877000 1579.000423 1.000002 1.000000 1.000000 1.000000 1.000000 0.000001 2.000000 -2.892727 -3.066445 2.766096 3.022304 2.897111 1.260676 -1.186068 0.000000
 0.878000 1579.000274 1.000002 1.000000 1.000000 1.000000 1.000000 0.000001 2.000000 -2.893903 -3.059754 2.770999 3.025173 2.901636 1.246951 -1.124173 0.000000
 0.879000 1579.000190 1.000002 1.000000 1.000000 1.000000 1.000000 0.000001 2.000000 -2.894402 -3.051939 2.776652 3.027778 2.906910 1.230982 -1.061508 0.000000
 0.880000 1579.000138 1.000002 1.000000 1.000000 1.000000 1.000000 0.000000 2.000000 -2.894306 -3.043227 2.782890 3.029791 2.912755 1.213064 -0.997887 0.000000
 0.881000 1579.000104 1.000002 1.000000 1.000000 1.000000 1.000000 0.000000 2.000000 -2.893681 -3.033919 2.789507 3.030978 2.918993 1.193526 -0.933158 0.000000
 0.882000 1579.000081 1.000002 1.000000 1.000000 1.000000 1.000000 0.000000 2.000000 -2.892523 -3.024364 2.796223 3.031186 2.925452 1.172760 -0.867214 0.000000
 0.883000 1579.000065 1.000003 1.000001 1.000000 1.000000 1.000000 0.000000 2.000000 -2.890787 -3.014887 2.802743 3.030358 2.931964 1.151201 -0.799904 0.000000
 0.884000 1579.000055 1.000003 1.000001 1.000000 1.000000 1.000000 0.000000 2.000000 -2.888392 -3.005740 2.808775 3.028521 2.938384 1.129292 -0.731030 0.000000
 0.885000 1579.000049 1.000003 1.000001 1.000000 1.000000 1.000000 0.000000 2.000000 -2.885264 -2.997079 2.814084 3.025763 2.944581 1.107516 -0.660356 0.000000
 0.886000 1579.000043 1.000003 1.000001 1.000000 1.000000 1.000000 0.000000 2.000000 -2.881362 -2.989010 2.818478 3.022199 2.950441 1.086350 -0.587614 0.000000
 0.887000 1578.999904 1.000003 1.000001 1.000000 1.000000 1.000000 0.000000 2.000000 -2.876710 -2.981524 2.821881 3.017931 2.955833 1.066264 -0.512569 0.000000
 0.888000 1578.996363 1.000003 1.000001 1.000000 1.000000 1.000000 0.000000 1.999995 -2.871390 -2.974574 2.824280 3.013043 2.960661 1.047663 -0.435109 0.000000
 0.889000 1578.930477 1.000004 1.000001 1.000000 1.000000 1.000000 0.000000 1.999905 -2.865591 -2.968132 2.825752 3.007636 2.964840 1.030828 -0.355406 0.000000
 0.890000 1577.994662 1.000004 1.000001 1.000000 1.000000 1.000000 0.000000 1.998621 -2.859542 -2.962136 2.826397 3.001771 2.968349 1.015900 -0.273956 0.000000
 0.891000 1567.712407 1.000004 1.000001 1.000000 1.000000 1.000000 0.000000 1.984516 -2.853533 -2.956564 2.826365 2.995555 2.971199 1.002856 -0.191728 0.000000
 0.892000 1483.972697 1.000004 1.000001 1.000000 1.000000 1.000000 0.000000 1.869647 -2.847849 -2.951424 2.825776 2.989144 2.973501 0.991502 -0.109991 0.000000
 0.893000 1095.319595 1.000005 1.000001 1.000000 1.000000 1.000000 0.000000 1.336515 -2.842735 -2.946741 2.824716 2.982746 2.975470 0.981517 -0.030115 0.000000
 0.894000 499.534427 1.000005 1.000001 1.000000 1.000000 1.000000 0.000000 0.519251 -2.838402 -2.942574 2.823243 2.976625 2.977410 0.972511 0.046737 0.000000
 0.895000 221.822293 1.000005 1.000001 1.000000 1.000000 1.000000 0.000000 0.138302 -2.835059 -2.939027 2.821372 2.971109 2.979727 0.964057 0.119810 0.000000
 0.896000 147.748726 1.000005 1.000001 1.000000 1.000000 1.000000 0.000000 0.036692 -2.832865 -2.936217 2.819104 2.966516 2.982847 0.955748 0.188880 0.000000
 0.897000 128.883320 1.000006 1.000001 1.000000 1.000000 1.000000 0.000000 0.010814 -2.831938 -2.934263 2.816418 2.963166 2.987197 0.947221 0.254143 0.000000
 0.898000 123.589019 1.000006 1.000001 1.000000 1.000000 1.000000 0.000000 0.003551 -2.832376 -2.933268 2.813303 2.961336 2.993188 0.938156 0.316150 0.000000
 0.899000 121.930690 1.000005 1.000001 1.000000 1.000000 1.000000 0.000001 0.001276 -2.834212 -2.933274 2.809775 2.961206 3.001091 0.928307 0.375598 0.000000
 0.900000 121.359092 1.000005 1.000001 1.000000 1.000000 1.000000 0.000001 0.000492 -2.837462 -2.934267 2.805925 2.962888 3.011030 0.917524 0.433233 0.001353
 0.901000 121.146260 1.000005 1.000001 1.000000 1.000000 1.000000 0.000001 0.000200 -2.842078 -2.936188 2.801857 2.966374 3.022961 0.905747 0.489744 0.005189
 0.902000 121.062095 1.000004 1.000001 1.000000 1.000000 1.000000 0.000001 0.000085 -2.848019 -2.938927 2.797793 2.971557 3.036662 0.893018 0.545732 0.006481
 0.903000 121.027252 1.000004 1.000001 1.000000 1.000000 1.000000 0.000001 0.000037 -2.855234 -2.942346 2.793984 2.978209 3.051734 0.879467 0.601700 0.006791
 0.904000 121.012335 1.000004 1.000001 1.000000 1.000000 1.000000 0.000001 0.000017 -2.863686 -2.946319 2.790734 2.986024 3.067651 0.865331 0.658032 0.006935
 0.905000 121.005800 1.000003 1.000001 1.000000 1.000000 1.000000 0.000001 0.000008 -2.873323 -2.950710 2.788359 2.994644 3.083813 0.850893 0.715018 0.007093
 0.906000 121.002902 1.000003 1.000001 1.000000 1.000000 1.000000 0.000002 0.000003 -2.884081 -2.955407 2.787135 3.003683 3.099632 0.836457 0.772933 0.007310
 0.907000 121.001625 1.000002 1.000001 1.000000 1.000000 1.000000 0.000002 0.000002 -2.895866 -2.960286 2.787278 3.012774 3.114576 0.822299 0.832083 0.007593
 0.908000 121.001088 1.000002 1.000001 1.000000 1.000000 1.000000 0.000002 0.000001 -2.908534 -2.965223 2.788897 3.021588 3.128237 0.808634 0.892798 0.007921
 0.909000 121.000901 1.000002 1.000001 1.000000 1.000000 1.000000 0.000003 0.000000 -2.921845 -2.970042 2.791991 3.029848 3.140346 0.795601 0.955444 0.008240
 0.910000 121.000901 1.000001 1.000001 1.000000 1.000000 1.000000 0.000003 0.000000 -2.935483 -2.974556 2.796468 3.037333 -3.132439 0.783232 1.020382 0.008465
 0.911000 121.000998 1.000001 1.000001 1.000000 1.000000 1.000000 0.000004 0.000000 -2.949047 -2.978564 2.802156 3.043893 -3.123788 0.771485 1.087875 0.008507
 0.912000 121.001197 1.000001 1.000001 1.000000 1.000000 1.000000 0.000004 0.000000 -2.962092 -2.981829 2.808841 3.049403 -3.116861 0.760266 1.157979 0.008314
 0.913000 121.001569 1.000001 1.000001 1.000000 1.000000 1.000000 0.000005 0.000001 -2.974204 -2.984150 2.816331 3.053792 -3.111592 0.749435 1.230466 0.007914
 0.914000 121.002360 1.000001 1.000001 1.000000 1.000000 1.000000 0.000005 0.000001 -2.985055 -2.985366 2.824448 3.057011 -3.107902 0.738876 1.304776 0.007413
 0.915000 121.004308 1.000001 1.000001 1.000000 1.000000 1.000000 0.000006 0.000004 -2.994512 -2.985380 2.833105 3.059028 -3.105738 0.728534 1.380014 0.006941
 0.916000 121.009634 1.000001 1.000001 1.000000 1.000000 1.000000 0.000007 0.000011 -3.002629 -2.984192 2.842274 3.059881 -3.105005 0.718351 1.455115 0.006582
 0.917000 121.025062 1.000001 1.000001 1.000000 1.000000 1.000000 0.000008 0.000032 -3.009628 -2.981873 2.851955 3.059661 -3.105588 0.708342 1.528954 0.006319
 0.918000 121.070841 1.000001 1.000001 1.000000 1.000000 1.000000 0.000009 0.000094 -3.015892 -2.978574 2.862200 3.058545 -3.107307 0.698548 1.600562 0.005870
 0.919000 121.207292 1.000000 1.000001 1.000000 1.000000 1.000000 0.000011 0.000281 -3.021847 -2.974538 2.873032 3.056775 -3.109930 0.689022 1.669244 0.003623
 0.920000 121.611635 1.000000 1.000001 1.000000 1.000000 1.000000 0.000012 0.000835 -3.027923 -2.970060 2.884416 3.054682 -3.113118 0.679795 1.734643 0.000057
 0.921000 122.797812 1.000000 1.000001 1.000000 1.000000 1.000000 0.000014 0.002462 -3.034499 -2.965483 2.896274 3.052632 -3.116481 0.670895 1.796711 0.000000
 0.922000 126.239360 1.000000 1.000001 1.000000 1.000000 1.000000 0.000016 0.007182 -3.041866 -2.961159 2.908485 3.051010 -3.119613 0.662331 1.855650 0.000000
 0.923000 136.095888 1.000000 1.000001 1.000000 1.000000 1.000000 0.000017 0.020702 -3.050160 -2.957405 2.920876 3.050123 -3.122118 0.654111 1.911844 0.000000
 0.924000 163.574905 1.000000 1.000001 1.000000 1.000000 1.000000 0.000020 0.058395 -3.059413 -2.954503 2.933262 3.050213 -3.123665 0.646258 1.965773 0.000000
 0.925000 234.438380 1.000000 1.000001 1.000000 1.000000 1.000000 0.000022 0.155601 -3.069520 -2.952633 2.945464 3.051395 -3.124034 0.638830 2.017934 0.000000
 0.926000 382.794377 1.000000 1.000001 1.000000 1.000000 1.000000 0.000024 0.359106 -3.080288 -2.951916 2.957299 3.053690 -3.123088 0.631892 2.068813 0.000000
 0.927000 586.015661 1.000000 1.000001 1.000000 1.000000 1.000000 0.000026 0.637873 -3.091532 -2.952412 2.968648 3.057012 -3.120876 0.625595 2.118809 0.000000
 0.928000 742.629331 1.000000 1.000001 1.000000 1.000000 1.000000 0.000028 0.852706 -3.103105 -2.954127 2.979415 3.061196 -3.117532 0.620101 2.168278 0.000000
 0.929000 815.500497 1.000000 1.000001 1.000000 1.000000 1.000000 0.000030 0.952665 -3.114943 -2.957050 2.989542 3.066048 -3.113322 0.615636 2.217522 0.000000
 0.930000 840.412540 1.000000 1.000001 1.000000 1.000000 1.000000 0.000032 0.986838 -3.127088 -2.961148 2.999033 3.071340 -3.108559 0.612398 2.266796 0.000000
 0.931000 847.619410 1.000000 1.000001 1.000000 1.000000 1.000000 0.000033 0.996724 -3.139667 -2.966407 3.007907 3.076869 -3.103569 0.610582 2.316385 0.000000
 0.932000 849.477834 1.000000 1.000001 1.000000 1.000000 1.000000 0.000033 0.999273 3.130348 -2.972792 3.016188 3.082466 -3.098622 0.610284 2.366636 0.000000
 0.933000 849.905477 1.000000 1.000001 1.000000 1.000000 1.000000 0.000032 0.999860 3.116438 -2.980274 3.023896 3.087985 -3.093930 0.611539 2.417982 0.000000
 0.934000 849.990993 1.000000 1.000001 1.000000 1.000000 1.000000 0.000031 0.999977 3.101686 -2.988794 3.031044 3.093315 -3.089608 0.614228 2.470904 0.000000
 0.935000 850.005001 1.000000 1.000001 1.000000 1.000000 1.000000 0.000029 0.999997 3.086110 -2.998256 3.037596 3.098346 -3.085680 0.618157 2.525948 0.000000
 0.936000 850.006430 1.000000 1.000001 1.000000 1.000000 1.000000 0.000027 1.000000 3.069850 -3.008519 3.043513 3.102975 -3.082156 0.623121 2.583593 0.000000
 0.937000 850.006095 1.000000 1.000001 1.000000 1.000000 1.000000 0.000025 1.000000 3.053209 -3.019360 3.048717 3.107053 -3.079000 0.628867 2.644213 0.000000
 0.938000 850.005581 1.000000 1.000000 1.000000 1.000000 1.000000 0.000023 1.000000 3.036626 -3.030515 3.053126 3.110420 -3.076215 0.635203 2.707936 0.000000
 0.939000 850.005067 1.000000 1.000000 1.000000 1.000000 1.000000 0.000021 1.000000 3.020581 -3.041666 3.056697 3.112894 -3.073845 0.642029 2.774578 0.000000
 0.940000 850.004574 1.000000 1.000000 1.000000 1.000000 1.000000 0.000019 1.000000 3.005553 -3.052479 3.059405 3.114304 -3.071949 0.649287 2.843584 0.000000
 0.941000 850.004105 1.000000 1.000000 1.000000 1.000000 1.000000 0.000017 1.000000 2.991959 -3.062624 3.061304 3.114527 -3.070616 0.657000 2.914055 0.000000
 0.942000 850.003662 1.000000 1.000000 1.000000 1.000000 1.000000 0.000015 1.000000 2.980034 -3.071840 3.062514 3.113532 -3.069908 0.665187 2.984835 0.000000
 0.943000 850.003248 1.000000 1.000000 1.000000 1.000000 1.000000 0.000013 1.000000 2.969864 -3.079930 3.063257 3.111398 -3.069820 0.673811 3.054707 0.000000
 0.944000 850.002870 1.000000 1.000000 1.000000 1.000000 1.000000 0.000012 1.000000 2.961358 -3.086786 3.063842 3.108319 -3.070302 0.682780 3.122563 0.000000
 0.945000 850.002682 1.000000 1.000000 1.000000 1.000000 1.000000 0.000010 1.000000 2.954270 -3.092408 3.064648 3.104604 -3.071188 0.691850 -3.095558 0.000000
 0.946000 850.002554 1.000000 1.000000 1.000000 1.000000 1.000000 0.000009 1.000000 2.948245 -3.096885 3.066102 3.100610 -3.072257 0.700736 -3.033717 0.000000
 0.947000 850.002640 1.000000 1.000000 1.000000 1.000000 1.000000 0.000008 1.000001 2.942908 -3.100369 3.068587 3.096744 -3.073184 0.709038 -2.975143 0.000000
 0.948000 850.003095 1.000000 1.000000 1.000000 1.000000 1.000000 0.000007 1.000002 2.937868 -3.103050 3.072468 3.093389 -3.073676 0.716372 -2.919628 0.000000
 0.949000 850.004218 1.000000 1.000000 1.000000 1.000000 1.000000 0.000007 1.000003 2.932813 -3.105126 3.077963 3.090852 -3.073449 0.722413 -2.866762 0.000000
 0.950000 850.006588 1.000000 1.000000 1.000000 1.000000 1.000000 0.000006 1.000007 2.927509 -3.106726 3.085172 3.089362 -3.072294 0.726919 -2.816043 0.000000
 0.951000 850.011362 1.000000 1.000000 1.000000 1.000000 1.000000 0.000006 1.000014 2.921812 -3.107932 3.094061 3.089036 -3.070150 0.729797 -2.766969 0.000000
 0.952000 850.020877 1.000000 1.000000 1.000000 1.000000 1.000000 0.000006 1.000027 2.915623 -3.108801 3.104502 3.089900 -3.067093 0.731112 -2.719092 0.000000
 0.953000 850.039980 1.000000 1.000000 1.000000 1.000000 1.000000 0.000006 1.000053 2.908919 -3.109363 3.116292 3.091921 -3.063341 0.731034 -2.671985 0.000000
 0.954000 850.078970 1.000000 1.000000 1.000000 1.000000 1.000000 0.000006 1.000106 2.901665 -3.109664 3.129215 3.094986 -3.059257 0.729869 -2.625298 0.000000
 0.955000 850.160320 1.000000 1.000000 1.000000 1.000000 1.000000 0.000006 1.000218 2.893813 -3.109819 -3.140127 3.098977 -3.055290 0.728041 -2.578723 0.000000
 0.956000 850.334445 1.000000 1.000000 1.000000 1.000000 1.000000 0.000006 1.000457 2.885248 -3.109982 -3.125516 3.103759 -3.051926 0.725998 -2.531984 0.000000
 0.957000 850.717060 1.000000 1.000000 1.000000 1.000000 1.000000 0.000007 1.000981 2.875822 -3.110381 -3.110258 3.109195 -3.049649 0.724262 -2.484843 0.000000
 0.958000 851.578266 1.000000 1.000000 1.000000 1.000000 1.000000 0.000007 1.002163 2.865332 -3.111258 -3.094421 3.115132 -3.048904 0.723371 -2.437104 0.000000
 0.959000 853.551414 1.000000 1.000000 1.000000 1.000000 1.000000 0.000007 1.004869 2.853589 -3.112858 -3.078075 3.121383 -3.050060 0.723850 -2.388645 0.000000
 0.960000 858.113194 1.000000 1.000000 1.000000 1.000000 1.000000 0.000006 1.011127 2.840468 -3.115363 -3.061310 3.127723 -3.053378 0.726191 -2.339412 0.000000
 0.961000 868.620281 1.000000 1.000000 1.000000 1.000000 1.000000 0.000006 1.025540 2.825980 -3.118876 -3.044282 3.133853 -3.059041 0.730840 -2.289517 0.000000
 0.962000 892.384862 1.000000 1.000000 1.000000 1.000000 1.000000 0.000005 1.058139 2.810251 -3.123407 -3.027174 3.139441 -3.067163 0.738207 -2.239249 0.000000
 0.963000 944.317625 1.000000 1.000000 1.000001 1.000000 1.000000 0.000005 1.129378 2.793551 -3.128823 -3.010233 -3.139111 -3.077774 0.748653 -2.189069 0.000000
 0.964000 1050.353415 1.000000 1.000000 1.000001 1.000000 1.000000 0.000004 1.274832 2.776236 -3.134947 -2.993756 -3.135834 -3.090815 0.762500 -2.139590 0.000000
 0.965000 1226.847524 1.000000 1.000000 1.000001 1.000000 1.000000 0.000003 1.516937 2.758700 -3.141519 -2.978025 -3.134298 -3.106138 0.779918 -2.091450 0.000000
 0.966000 1411.292476 1.000000 1.000000 1.000001 1.000000 1.000000 0.000002 1.769948 2.741321 3.134899 -2.963341 -3.134828 -3.123488 0.800991 -2.045250 0.000000
 0.967000 1521.473031 1.000000 1.000000 1.000001 1.000000 1.000000 0.000002 1.921087 2.724386 3.128154 -2.949958 -3.137635 3.140743 0.825614 -2.001376 0.000000
 0.968000 1565.046939 1.000000 1.000000 1.000001 1.000000 1.000000 0.000001 1.980860 2.708087 3.121595 -2.938064 3.140371 3.120737 0.853475 -1.960017 0.000000
 0.969000 1578.298652 1.000000 1.000000 1.000002 1.000000 1.000000 0.000001 1.999038 2.692514 3.115297 -2.927781 3.132888 3.100422 0.883971 -1.921027 0.000000
 0.970000 1581.223880 1.000000 1.000000 1.000002 1.000000 1.000000 0.000001 2.003050 2.677639 3.109280 -2.919109 3.123314 3.080617 0.916342 -1.884100 0.000000
 0.971000 1581.227689 1.000000 1.000000 1.000002 1.000000 1.000000 0.000000 2.003056 2.663443 3.103505 -2.912020 3.111952 3.062213 0.949664 -1.848739 0.000000
 0.972000 1580.629083 1.000000 1.000000 1.000002 1.000000 1.000000 0.000000 2.002235 2.649856 3.097914 -2.906379 3.099236 3.046046 0.982903 -1.814327 0.000000
 0.973000 1580.060895 1.000000 1.000000 1.000002 1.000000 1.000000 0.000000 2.001455 2.636882 3.092457 -2.902037 3.085659 3.032818 1.015074 -1.780203 0.000000
 0.974000 1579.648033 1.000000 1.000000 1.000002 1.000000 1.000000 0.000000 2.000889 2.624569 3.087108 -2.898835 3.071703 3.022992 1.045366 -1.745729 0.000000
 0.975000 1579.378125 1.000000 1.000000 1.000002 1.000000 1.000000 0.000000 2.000519 2.613036 3.081907 -2.896593 3.057847 3.016738 1.073118 -1.710280 0.000000
 0.976000 1579.212281 1.000000 1.000000 1.000002 1.000000 1.000000 0.000000 2.000291 2.602474 3.076915 -2.895170 3.044533 3.013967 1.097889 -1.673269 0.000000
 0.977000 1579.115000 1.000000 1.000000 1.000002 1.000000 1.000000 0.000000 2.000158 2.593053 3.072229 -2.894422 3.032151 3.014317 1.119449 -1.634141 0.000000
 0.978000 1579.060216 1.000000 1.000000 1.000002 1.000000 1.000000 0.000000 2.000082 2.584935 3.067909 -2.894226 3.021022 3.017251 1.137752 -1.592398 0.000000
 0.979000 1579.030494 1.000000 1.000000 1.000002 1.000000 1.000000 0.000000 2.000042 2.578202 3.063958 -2.894463 3.011446 3.022147 1.152888 -1.547563 0.000000
 0.980000 1579.014957 1.000000 1.000000 1.000002 1.000000 1.000000 0.000000 2.000020 2.572878 3.060330 -2.895001 3.003661 3.028321 1.165073 -1.499265 0.000000
 0.981000 1579.007129 0.999999 1.000000 1.000002 1.000000 1.000000 0.000000 2.000010 2.568873 3.056870 -2.895685 2.997876 3.035128 1.174625 -1.447243 0.000000
 0.982000 1579.003329 0.999999 1.000000 1.000002 1.000000 1.000000 0.000000 2.000004 2.566042 3.053392 -2.896305 2.994263 3.041969 1.181903 -1.391392 0.000000
 0.983000 1579.001550 0.999999 1.000000 1.000002 1.000000 1.000000 0.000000 2.000002 2.564209 3.049641 -2.896650 2.992931 3.048343 1.187331 -1.331801 0.000000
 0.984000 1579.000743 0.999999 1.000000 1.000002 1.000000 1.000000 0.000000 2.000001 2.563164 3.045373 -2.896467 2.993914 3.053844 1.191322 -1.268850 0.000000
